{"winRate":0.32,"weights":{"myShip-x":{"fire":0.0004114923263899982,"forward":-0.0005462692999979482,"rotateLeft":0.00033947118080686773,"rotateRight":-0.00029397775302641093},"myShip-y":{"fire":0.00028611999251879755,"forward":-0.0005929761086823419,"rotateLeft":0.0008518162159482017,"rotateRight":-0.00015562215456739071},"myShip-angle":{"fire":-0.00042046588640660054,"forward":0.0007202831364935263,"rotateLeft":-0.00014767273233737797,"rotateRight":0.0007411107650259509},"myShip-vel-x":{"fire":-0.00003265328998677434,"forward":0.00025500611048191784,"rotateLeft":0.00015560152754187585,"rotateRight":0.00007721067301463339},"myShip-vel-y":{"fire":0.0006433710866607725,"forward":0.00010702859451994299,"rotateLeft":-0.00011683300342410808,"rotateRight":0.00016083675816189498},"otherShip-x":{"fire":0.00017527957330457864,"forward":-0.00001621591479051855,"rotateLeft":-0.0005711951084202154,"rotateRight":-0.0002510170506080613},"otherShip-y":{"fire":-0.0004610229138983414,"forward":0.000029435523319989453,"rotateLeft":-0.00018983904954511668,"rotateRight":-0.00003312433937098832},"otherShip-angle":{"fire":0.000761150668701157,"forward":0.0007313064270652831,"rotateLeft":0.000478425293485634,"rotateRight":-0.00004976038767490537},"otherShip-vel-x":{"fire":0.00027170721474103636,"forward":0.0005574595785234123,"rotateLeft":0.0005428800014778972,"rotateRight":0.0001496826372342184},"otherShip-vel-y":{"fire":-0.00009358076776843522,"forward":-0.0009580829374957829,"rotateLeft":0.0001885846927529201,"rotateRight":0.0004696701533393934},"myBullets-0-x":{"fire":-0.000410776745644398,"forward":-0.00035688857671339056,"rotateLeft":-0.00025449555269442504,"rotateRight":0.0005768862016964705},"myBullets-0-y":{"fire":-0.00017432944134343416,"forward":0.0003388346604770049,"rotateLeft":-0.0003475542851956561,"rotateRight":0.00004878285543527458},"myBullets-1-x":{"fire":-0.00003223634238820523,"forward":0.0006035867823986337,"rotateLeft":-0.0004287449427181855,"rotateRight":0.00037272799452766784},"myBullets-1-y":{"fire":0.0002912897234316915,"forward":-0.000420936162956059,"rotateLeft":-0.00032148363550659273,"rotateRight":-0.00031210840323474265},"myBullets-2-x":{"fire":0.0004656876203371212,"forward":-0.0002999464683700354,"rotateLeft":0.00005086961484048515,"rotateRight":0.00013253509900532662},"myBullets-2-y":{"fire":-0.0002911807884695009,"forward":0.00028067786169704055,"rotateLeft":0.00006300474875606599,"rotateRight":0.0002285702107474208},"myBullets-3-x":{"fire":0.0004074393209069968,"forward":0.0005701344936154784,"rotateLeft":0.0006439793879399076,"rotateRight":-0.00009388819250743833},"myBullets-3-y":{"fire":-0.00013106854332145304,"forward":-0.0001433445707894862,"rotateLeft":-0.00016744563670363278,"rotateRight":0.000627573526208289},"myBullets-4-x":{"fire":0.00009990791375748811,"forward":0.00048491966999135905,"rotateLeft":-0.00025690834447741515,"rotateRight":0.00006828306945972146},"myBullets-4-y":{"fire":0.00008081974321976304,"forward":0.00038905362077057366,"rotateLeft":-0.00023343310607597232,"rotateRight":0.00017257900508120652},"otherBullets-0-x":{"fire":-0.00037372830619569877,"forward":-0.00038846293236128985,"rotateLeft":0.00001925554494373501,"rotateRight":0.0002913199772592634},"otherBullets-0-y":{"fire":0.0003088062362279743,"forward":-0.0007545134766725825,"rotateLeft":0.00011207771508488802,"rotateRight":-0.0007202300810953601},"otherBullets-1-x":{"fire":-0.0006161600644933059,"forward":0.0002796835762681439,"rotateLeft":-0.0003863778410945087,"rotateRight":-0.0004186505926540121},"otherBullets-1-y":{"fire":-0.0005031019341899082,"forward":-0.0003231126883765683,"rotateLeft":-0.00015105950997676702,"rotateRight":0.00005564840128645302},"otherBullets-2-x":{"fire":0.00004358374099247158,"forward":0.0004883258097572252,"rotateLeft":0.000011610674252733621,"rotateRight":-0.00018528157607652243},"otherBullets-2-y":{"fire":-0.0009505085031734779,"forward":-0.0006360729586798698,"rotateLeft":0.0003085248885676265,"rotateRight":0.0006311100924620405},"otherBullets-3-x":{"fire":0.00017517713268753137,"forward":-3.058906178921841e-7,"rotateLeft":0.0003790276003768668,"rotateRight":0.000058835158334113644},"otherBullets-3-y":{"fire":-0.0003017918351572007,"forward":-0.000019280060962773863,"rotateLeft":-0.0003192624180112034,"rotateRight":0.0006313500894233585},"otherBullets-4-x":{"fire":0.000022463349532335995,"forward":-0.000234313378110528,"rotateLeft":0.00011048455415293572,"rotateRight":0.0007598447084194048},"otherBullets-4-y":{"fire":0.00037061593995895244,"forward":0.00006863186578266319,"rotateLeft":0.000013469603704288582,"rotateRight":0.0001592426125658676},"asteroids-0-x":{"fire":0.00015941815210971982,"forward":0.0007700423595029862,"rotateLeft":0.0004419627243652941,"rotateRight":-0.0001823202987434342},"asteroids-0-y":{"fire":-0.00037885246761143205,"forward":4.2762816883625747e-7,"rotateLeft":0.00047403021319769324,"rotateRight":-0.00002871634410694242},"asteroids-0-size":{"fire":0.0004500976554118097,"forward":0.00062996235571336,"rotateLeft":-0.00037655701839830737,"rotateRight":0.0002706503451336176},"asteroids-1-x":{"fire":0.00006931146942079065,"forward":-0.0007177352588856593,"rotateLeft":0.000020680577191524202,"rotateRight":-0.0002282692748121917},"asteroids-1-y":{"fire":0.00023669894116465002,"forward":-0.0004211958923377097,"rotateLeft":0.0000014629103476181642,"rotateRight":0.00011276909597218038},"asteroids-1-size":{"fire":-0.00013126244130544362,"forward":-0.0007024628877174109,"rotateLeft":0.0006770662727300078,"rotateRight":-0.00016384357067290693},"asteroids-2-x":{"fire":0.0002759462845511734,"forward":-0.00012240934744477274,"rotateLeft":-0.0007101322607137265,"rotateRight":0.0007866623746464027},"asteroids-2-y":{"fire":0.0005581809242023154,"forward":0.0001931074672844261,"rotateLeft":0.00004587397444993256,"rotateRight":0.0005038097397889942},"asteroids-2-size":{"fire":-0.00048182862931862484,"forward":-0.000037857212871313086,"rotateLeft":-0.00040454758983105417,"rotateRight":-0.0001719324048375711},"asteroids-3-x":{"fire":0.0007915021489141509,"forward":-0.00027848220278974624,"rotateLeft":0.00013364791895728557,"rotateRight":0.0007433688970282673},"asteroids-3-y":{"fire":0.0004942592330044135,"forward":0.00016244659642688928,"rotateLeft":0.0003964704981772229,"rotateRight":0.000024860367341898395},"asteroids-3-size":{"fire":0.00029031292574945836,"forward":-0.0002595323003362864,"rotateLeft":0.0006323218762176111,"rotateRight":0.00011474397445563226},"asteroids-4-x":{"fire":0.00012468231818638746,"forward":0.00008289904028642924,"rotateLeft":-0.00032422233105171473,"rotateRight":-0.0001618037951877341},"asteroids-4-y":{"fire":-0.00018813087877351793,"forward":-0.0003599002927308902,"rotateLeft":0.00026764962768647816,"rotateRight":-0.00022019509498495614},"asteroids-4-size":{"fire":0.0005353564521996305,"forward":0.0001841721960809082,"rotateLeft":0.00048164850519970053,"rotateRight":0.000017282351828180232},"asteroids-5-x":{"fire":0.00006633974509313708,"forward":0.00005992694336455315,"rotateLeft":-0.00042639862813521185,"rotateRight":0.0006431407432770357},"asteroids-5-y":{"fire":0.0006544933701166883,"forward":0.0003698808623012155,"rotateLeft":-0.00010887659811414777,"rotateRight":0.000588155034207739},"asteroids-5-size":{"fire":-0.00017630387803073972,"forward":0.00007618603764567525,"rotateLeft":0.0000829121616668999,"rotateRight":0.0004240587334381416},"asteroids-6-x":{"fire":-0.00016859806620050225,"forward":-0.00005520801760721952,"rotateLeft":0.0003095723446691409,"rotateRight":-0.0008037205569446087},"asteroids-6-y":{"fire":0.00014362119436264037,"forward":0.0001752690718509257,"rotateLeft":0.00041170560594182455,"rotateRight":0.0007082092604367064},"asteroids-6-size":{"fire":-0.0005352210327517241,"forward":-0.0007921814586268738,"rotateLeft":0.0008565475561888888,"rotateRight":-0.00003965104529634118},"asteroids-7-x":{"fire":0.00045031677042134107,"forward":-0.0004866242415737361,