{"winRate":1,"weights":{"myShip-x":{"fire":0.000470007790485397,"forward":-0.0004345547189004719,"rotateLeft":0.0004201085800305009,"rotateRight":-0.0002807204429991543},"myShip-y":{"fire":0.000282467958284542,"forward":-0.000512583340285346,"rotateLeft":0.0008111337337177247,"rotateRight":-0.00013363530859351162},"myShip-angle":{"fire":-0.00046783347427845003,"forward":0.0006946283450815826,"rotateLeft":-0.0001792027298361063,"rotateRight":0.0007225505420938134},"myShip-vel-x":{"fire":0.00003829618217423558,"forward":0.00032350082881748676,"rotateLeft":0.00023990970640443265,"rotateRight":0.00013146177795715633},"myShip-vel-y":{"fire":0.0007858682940714061,"forward":0.00017418763577006758,"rotateLeft":-0.00010510104917921129,"rotateRight":-0.000006848460761830213},"otherShip-x":{"fire":0.00019233712181448938,"forward":-0.00005453747953288254,"rotateLeft":-0.0007462883810512721,"rotateRight":-0.0002656860142014921},"otherShip-y":{"fire":-0.00035576125676743686,"forward":0.00015991844749078157,"rotateLeft":-0.00021011964837089182,"rotateRight":-0.000020745873451232916},"otherShip-angle":{"fire":0.000781835125060752,"forward":0.0008011182809714227,"rotateLeft":0.0002732199802994728,"rotateRight":0.00000684813829138875},"otherShip-vel-x":{"fire":0.000263442536117509,"forward":0.0006410583576653152,"rotateLeft":0.00047557104658335446,"rotateRight":0.0002650784368161112},"otherShip-vel-y":{"fire":-0.00016085469187237324,"forward":-0.0009023753465153277,"rotateLeft":0.00019726017187349497,"rotateRight":0.00040734816389158366},"myBullets-0-x":{"fire":-0.000525714221643284,"forward":-0.0002668913695961237,"rotateLeft":-0.0002972054374404252,"rotateRight":0.0006581285188440234},"myBullets-0-y":{"fire":-0.0000783248443622142,"forward":0.0003942165980115533,"rotateLeft":-0.00034550134255550806,"rotateRight":0.00008619479183107618},"myBullets-1-x":{"fire":-0.00009480214584618808,"forward":0.0005929262854624539,"rotateLeft":-0.0004361624077428133,"rotateRight":0.000411082718288526},"myBullets-1-y":{"fire":0.0002824040192645043,"forward":-0.0003196432085242122,"rotateLeft":-0.00033861542027443646,"rotateRight":-0.000248035928234458},"myBullets-2-x":{"fire":0.0004268477133009583,"forward":-0.00033712899987585845,"rotateLeft":0.000030150273349136106,"rotateRight":0.00020576865412294862},"myBullets-2-y":{"fire":-0.0002898571628611535,"forward":0.0001830249407794327,"rotateLeft":0.00003393878997303546,"rotateRight":0.0001961882889736444},"myBullets-3-x":{"fire":0.0005401351263280958,"forward":0.0004553427710197866,"rotateLeft":0.0007208240840118379,"rotateRight":-0.000013018823461607065},"myBullets-3-y":{"fire":-0.00005864271544851362,"forward":-0.0002783550268504769,"rotateLeft":-0.00014538782485760748,"rotateRight":0.0005172638858202845},"myBullets-4-x":{"fire":0.00007132499525323507,"forward":0.0005016545329708606,"rotateLeft":-0.0003838502441067249,"rotateRight":0.00015293101826682688},"myBullets-4-y":{"fire":0.00005653021461330354,"forward":0.00042889157985337076,"rotateLeft":-0.0002383699771016836,"rotateRight":0.00013630979997105894},"otherBullets-0-x":{"fire":-0.00043149913894012575,"forward":-0.0005596120366826654,"rotateLeft":-0.00007151736621744931,"rotateRight":0.0002009885951410979},"otherBullets-5-y":{"fire":0.0002296568434685469,"forward":-0.0006905065849423409,"rotateLeft":0.0001238273966591805,"rotateRight":-0.0007460305718705058},"otherBullets-1-x":{"fire":-0.0005456465855240821,"forward":0.0003131533241830766,"rotateLeft":-0.00045340286567807197,"rotateRight":-0.00038927678135223685},"otherBullets-1-y":{"fire":-0.0005140245808288455,"forward":-0.0002826333793345839,"rotateLeft":-0.00006426331633701922,"rotateRight":0.000039313884684816013},"otherBullets-2-x":{"fire":0.00008824879163876176,"forward":0.00047349273343570534,"rotateLeft":0.00007550550880841913,"rotateRight":-0.0002066374730784446},"otherBullets-2-y":{"fire":-0.0008161911866627633,"forward":-0.000669869780074805,"rotateLeft":0.00031888537784107026,"rotateRight":0.0005589007404632866},"otherBullets-3-x":{"fire":0.00018814449477940794,"forward":-0.000020446727285161647,"rotateLeft":0.0004935283069498837,"rotateRight":0.000047129685292020446},"otherBullets-3-y":{"fire":-0.0003710674485191703,"forward":0.00009885933878831566,"rotateLeft":-0.00039926154306158424,"rotateRight":0.0006376689453609287},"otherBullets-4-x":{"fire":-0.00000959450006484985,"forward":-0.00023115499690175057,"rotateLeft":-0.000008410840062424553,"rotateRight":0.0007171447116415948},"otherBullets-4-y":{"fire":0.000242873762967065,"forward":0.00019362622103653846,"rotateLeft":-0.000006067340495064877,"rotateRight":0.00014712959295138718},"asteroid-0-x":{"fire":0.00004060309845954179,"forward":0.0007078206206206232,"rotateLeft":0.0005177626938093454,"rotateRight":-0.00028045585355721415},"asteroid-0-y":{"fire":-0.0004623980149626732,"forward":-0.000032041027443483453,"rotateLeft":0.00044695480819791555,"rotateRight":-0.00004173958720639348},"asteroid-0-size":{"fire":0.0005608178405091166,"forward":0.0005846607263665646,"rotateLeft":-0.0005153346525039524,"rotateRight":0.00039951525139622396},"asteroid-1-x":{"fire":0.00004657529736869036,"forward":-0.0006440317067317665,"rotateLeft":-0.00008884648908860982,"rotateRight":-0.0002875801946502179},"asteroid-1-y":{"fire":0.00022742489469237625,"forward":-0.0005350235539954155,"rotateLeft":-0.00005113809159956872,"rotateRight":0.00013478575716726482},"asteroid-1-size":{"fire":-0.000028376481030136338,"forward":-0.0008173942733556033,"rotateLeft":0.00070132593694143,"rotateRight":-0.0000989450782071799},"asteroid-2-x":{"fire":0.00024407414742745457,"forward":-0.00021594702545553446,"rotateLeft":-0.0006258662464097142,"rotateRight":0.0007777634945232421},"asteroid-2-y":{"fire":0.0005590683547779917,"forward":0.00008016305789351463,"rotateLeft":-0.00014148439653217796,"rotateRight":0.0005538171725347639},"asteroid-2-size":{"fire":-0.0003535888998303563,"forward":-0.000047449270030483595,"rotateLeft":-0.0004377404283732176,"rotateRight":-0.0001544968909583986},"asteroid-3-x":{"fire":0.0007120143051724882,"forward":-0.00013416190561838447,"rotateLeft":0.00005340428021736443,"rotateRight":0.0007020368466619402},"asteroid-3-y":{"fire":0.0004288875586353243,"forward":0.0001507671196013689,"rotateLeft":0.0004354206873103976,"rotateRight":0.00003074053116142751},"asteroid-3-size":{"fire":0.00024975378648377954,"forward":-0.0002481755623593926,"rotateLeft":0.0006632721514906734,"rotateRight":0.00020196376903913914},"asteroid-4-x":{"fire":0.00016397313191555442,"forward":0.00008365429728291932,"rotateLeft":-0.0003769055756274611,"rotateRight":-0.00015169711760245263},"asteroid-4-y":{"fire":-0.00015971054555848242,"forward":-0.0002462547109462321,"rotateLeft":0.00023853973438963294,"rotateRight":-0.00022001756029203535},"asteroid-4-size":{"fire":0.0005613207700662315,"forward":0.00006787763675674796,"rotateLeft":0.00047564447531476617,"rotateRight":-0.00012805279577150942},"asteroid-5-x":{"fire":0.00014434196939691905,"forward":0.00005151608097366989,"rotateLeft":-0.00030657110433094205,"rotateRight":0.0006884634234011174},"asteroid-5-y":{"fire":0.0007088776987511664,"forward":0.00026909580593928694,"rotateLeft":-0.00013779401266947387,"rotateRight":0.0005409886867273599},"asteroid-5-size":{"fire":-0.0001221958219539374,"forward":0.00015652226586826146,"rotateLeft":0.00009545456245541571,"rotateRight":0.0004307394137140363},"asteroid-6-x":{"fire":-0.00004750454775057734,"forward":-0.000026756815379485487,"rotateLeft":0.00027360128052532676,"rotateRight":-0.0006716298796236515},"asteroid-6-y":{"fire":0.00007005713949911294,"forward":0.00009746840945445,"rotateLeft":0.0004493299175519496,"rotateRight":0.0006711583796422929},"asteroid-6-size":{"fire":-0.0006319121357519179,"forward":-0.0008770974865183234,"rotateLeft":0.000843804422300309,"rotateRight":0.00009923917101696135},"asteroid-7-x":{"fire":0.0005615191247779875,"forward":-0.000480406433576718,"rotateLeft":-0.0006291758425068111,