{"winRate":0.3,"weights":{"myShip-x":{"fire":-0.0001932957112090662,"forward":0.00007164582198020068,"rotateLeft":0.00001982770450413227,"rotateRight":0.00012089812227059155},"myShip-y":{"fire":0.000004865566594526168,"forward":0.0001627196778776124,"rotateLeft":0.000027782973460853104,"rotateRight":-0.00004157793296035378},"myShip-angle":{"fire":0.00024117851068731398,"forward":-0.00013182273523416373,"rotateLeft":-0.00018857329664751887,"rotateRight":0.000030260447715409104},"myShip-vel-x":{"fire":-0.000010935590439476096,"forward":-0.00020528989117592574,"rotateLeft":-0.00000727358837611974,"rotateRight":0.00013756726938299834},"myShip-vel-y":{"fire":0.00014770530888345092,"forward":0.0001398611501790583,"rotateLeft":-0.00006459501520730555,"rotateRight":0.00011377906256821008},"otherShip-x":{"fire":0.00008212087540887297,"forward":-0.00013895734408870338,"rotateLeft":0.00015539282956160606,"rotateRight":0.00001209307480603457},"otherShip-y":{"fire":0.000049515487090684454,"forward":0.000036119197518564775,"rotateLeft":0.00012117387834005057,"rotateRight":0.0001738961708266288},"otherShip-angle":{"fire":-0.00009841382198501377,"forward":-0.00008573361677117648,"rotateLeft":-0.00002155542538966981,"rotateRight":0.000039170607901178295},"otherShip-vel-x":{"fire":-0.00023434296634513882,"forward":-0.00009795560808852315,"rotateLeft":-0.0001302786394255236,"rotateRight":-0.00010751942216884343},"otherShip-vel-y":{"fire":-0.000037302157003432515,"forward":0.000034180388343520455,"rotateLeft":-0.00019468184155412016,"rotateRight":0.00003188108964823185},"myBullets-0-x":{"fire":0.000022030960093252368,"forward":-0.000004975723312236366,"rotateLeft":-0.00009276335269678383,"rotateRight":-0.00006573848009575157},"myBullets-0-y":{"fire":-0.00015013863896019757,"forward":-0.00005266855834051967,"rotateLeft":-0.00008622468879912048,"rotateRight":-0.00016528832267504186},"myBullets-1-x":{"fire":0.00017623683002311737,"forward":-0.00010985186190810056,"rotateLeft":0.0001597826455719769,"rotateRight":0.00020297642189543694},"myBullets-1-y":{"fire":0.00010348387591075151,"forward":0.000011428270325995976,"rotateLeft":0.0002016507021151483,"rotateRight":0.00004459197539836168},"myBullets-2-x":{"fire":-0.0000985451667336747,"forward":-0.0002052400113083422,"rotateLeft":-0.00004762181944679469,"rotateRight":-0.00021711876227054744},"myBullets-2-y":{"fire":-0.00004780022578779606,"forward":-0.00005023841226939112,"rotateLeft":-0.000060755151067860393,"rotateRight":0.00017605430737603454},"myBullets-3-x":{"fire":-0.00014965666197240353,"forward":-0.00022152738687582316,"rotateLeft":0.00002609879546798767,"rotateRight":-0.0001325462341075763},"myBullets-3-y":{"fire":-0.00003858443654607984,"forward":0.00020123799424618484,"rotateLeft":-0.0000745408533141017,"rotateRight":0.00014805212344508616},"myBullets-4-x":{"fire":0.0001814032627036795,"forward":2.6784953661262284e-7,"rotateLeft":-0.00022400269377976657,"rotateRight":0.00006023277824278922},"myBullets-4-y":{"fire":0.00015389837319962682,"forward":0.000010931290360167612,"rotateLeft":-0.00005184456259012222,"rotateRight":0.00004307012590579688},"otherBullets-0-x":{"fire":0.000004891666676849123,"forward":0.00007439926641527561,"rotateLeft":0.00017034755039494484,"rotateRight":-0.000029840490943752257},"otherBullets-0-y":{"fire":0.000009677255782298698,"forward":-0.00008705563268158585,"rotateLeft":0.000045868533314205706,"rotateRight":-0.00010615974040701985},"otherBullets-1-x":{"fire":-0.00012861928935162728,"forward":-0.00010693711335770786,"rotateLeft":-0.00008790189574938266,"rotateRight":0.00011457636475097387},"otherBullets-1-y":{"fire":-0.0001286687906831503,"forward":-0.00016405230837408452,"rotateLeft":-0.00014556257834192363,"rotateRight":0.00003269902083557098},"otherBullets-2-x":{"fire":0.000021311237034387892,"forward":0.00008548496270086615,"rotateLeft":0.000227906800666824,"rotateRight":-0.000022681912081316108},"otherBullets-2-y":{"fire":-0.00002176629730965943,"forward":-0.00009752498466987164,"rotateLeft":-0.00011057648337446153,"rotateRight":-0.000028247912437655033},"otherBullets-3-x":{"fire":-0.0000012539825635030772,"forward":0.00009378710687160492,"rotateLeft":0.00015829760667402298,"rotateRight":-0.00004433612991124392},"otherBullets-3-y":{"fire":0.0001044140685116872,"forward":0.0000627322532935068,"rotateLeft":0.00008966833162121472,"rotateRight":0.00004899502561893313},"otherBullets-4-x":{"fire":-0.00006528969982173296,"forward":7.338447263464495e-7,"rotateLeft":0.00019590817559510465,"rotateRight":0.00019902117340825495},"otherBullets-4-y":{"fire":0.00006045987587422132,"forward":0.0002225104647455737,"rotateLeft":0.00021000559665262697,"rotateRight":-0.00009913509811740368},"asteroids-0-x":{"fire":0.00004992016789037734,"forward":-0.00014091744436882438,"rotateLeft":-0.000012764059519395223,"rotateRight":-0.000004241665033623591},"asteroids-0-y":{"fire":-0.00006194583692122253,"forward":-0.00012092921587172896,"rotateLeft":0.000030183754907920943,"rotateRight":-0.00024940370363183323},"asteroids-0-size":{"fire":-0.00013492917087860404,"forward":-0.00012995844976976514,"rotateLeft":-0.00010073468815535308,"rotateRight":-0.000041335885389707984},"asteroids-1-x":{"fire":-0.0000786604383960366,"forward":0.00024193872946780173,"rotateLeft":-0.00005671153438743203,"rotateRight":0.00020549188139848412},"asteroids-1-y":{"fire":-0.000015357072371989487,"forward":0.00010649871497880669,"rotateLeft":0.00014280315146315842,"rotateRight":-0.00014599193760659544},"asteroids-1-size":{"fire":-0.00010610030982643364,"forward":-0.0001365121080074459,"rotateLeft":0.00005774575439281762,"rotateRight":-0.00013923094961792228},"asteroids-2-x":{"fire":-0.00006037403747905048,"forward":0.00017376715964637697,"rotateLeft":0.000017958515230566263,"rotateRight":-0.00017578825487289576},"asteroids-2-y":{"fire":0.000023545349342748515,"forward":0.00015870277488138528,"rotateLeft":0.00020856203956063837,"rotateRight":0.000020754797221161412},"asteroids-2-size":{"fire":0.00013943948736414312,"forward":-0.00015658852239139377,"rotateLeft":-0.0001153651320375502,"rotateRight":-0.00026369837624952197},"asteroids-3-x":{"fire":0.00018215068415738643,"forward":0.00026102639741729946,"rotateLeft":0.000028238041466102,"rotateRight":-0.00017204304691404104},"asteroids-3-y":{"fire":-0.0000288209298159927,"forward":-0.00007930365558713674,"rotateLeft":0.0001505099499132484,"rotateRight":-0.00019899003305472434},"asteroids-3-size":{"fire":0.00002518357592634858,"forward":-0.00019053851147182287,"rotateLeft":0.000034875815012492235,"rotateRight":-0.00014008379159495234},"asteroids-4-x":{"fire":-0.0001328375880839303,"forward":0.00011164989138487726,"rotateLeft":-0.00016794104331638662,"rotateRight":0.00017905819399747998},"asteroids-4-y":{"fire":0.000025898875482380393,"forward":-0.00013664495507255197,"rotateLeft":0.0001745530857006088,"rotateRight":0.00012246922645717858},"asteroids-4-size":{"fire":0.00008129203966818752,"forward":0.000007258115243166691,"rotateLeft":-0.0001301673618145287,"rotateRight":0.000007219614065252226},"asteroids-5-x":{"fire":-0.00004702441117260606,"forward":0.000024435375258326534,"rotateLeft":-0.000035283863102085876,"rotateRight":-0.00005839164275676013},"asteroids-5-y":{"fire":-0.00005903873422648758,"forward":-0.00009024441691581159,"rotateLeft":-0.000012136876722797752,"rotateRight":0.0000705524342833087},"asteroids-5-size":{"fire":0.0000015150016173720365,"forward":0.00006270989563781768,"rotateLeft":-0.000005842419643886415,"rotateRight":0.00010062972414307295},"asteroids-6-x":{"fire":0.00002083546617068353,"forward":-0.00004921369971707463,"rotateLeft":0.0001268530439119786,"rotateRight":0.00037499739436898383},"asteroids-6-y":{"fire":-0.000010939622716978194,"forward":-0.00004886222947388886,"rotateLeft":-0.00010343192687723785,"rotateRight":0.00000517084877938031},"asteroids-6-size":{"fire":0.000003323207143694147,"forward":0.00004209826483856887,"rotateLeft":0.0000026956201996654284,