{"winRate":0.63,"weights":{"myShip-x":{"fire":0.0003725800695829094,"forward":-0.0005428040904458612,"rotateLeft":0.00036634014709852633,"rotateRight":-0.0002760295527754351},"myShip-y":{"fire":0.00028925786756444727,"forward":-0.0005326953517505899,"rotateLeft":0.000808590014348738,"rotateRight":-0.00019846900622360412},"myShip-angle":{"fire":-0.0004141267517581583,"forward":0.0006911517647793515,"rotateLeft":-0.00006414064655546099,"rotateRight":0.0006803788625635206},"myShip-vel-x":{"fire":-0.00005664552759844812,"forward":0.00035559831156861037,"rotateLeft":0.00021968837247695778,"rotateRight":0.00013058911967091266},"myShip-vel-y":{"fire":0.0007382817876758054,"forward":0.0001882429807446897,"rotateLeft":-0.00007132238433696336,"rotateRight":0.00010591875982936472},"otherShip-x":{"fire":0.00020334199368953702,"forward":0.0000529515091562644,"rotateLeft":-0.0005524397025583311,"rotateRight":-0.0002444814044283703},"otherShip-y":{"fire":-0.0005064488085918129,"forward":-0.00003432042219210415,"rotateLeft":-0.00020811751657165585,"rotateRight":9.189660195261113e-8},"otherShip-angle":{"fire":0.0007805854042060674,"forward":0.0007239538537571207,"rotateLeft":0.00041286483206786213,"rotateRight":-0.00013531793835572898},"otherShip-vel-x":{"fire":0.00031309174085035924,"forward":0.0005940465968800707,"rotateLeft":0.0004899021262535825,"rotateRight":0.00013178850014228371},"otherShip-vel-y":{"fire":-0.0000821976686827839,"forward":-0.0010260875853709878,"rotateLeft":0.0001152054652106017,"rotateRight":0.00042118871535640206},"myBullets-0-x":{"fire":-0.0004108502925140783,"forward":-0.0004075524629326537,"rotateLeft":-0.00019199395084287978,"rotateRight":0.0006276683942880483},"myBullets-0-y":{"fire":-0.00019626657287590205,"forward":0.00028627144051715725,"rotateLeft":-0.00042562890092376625,"rotateRight":0.00014777385545894508},"myBullets-1-x":{"fire":-0.00006670607621781528,"forward":0.0006152206369442865,"rotateLeft":-0.000399109898833558,"rotateRight":0.00035068997440394024},"myBullets-1-y":{"fire":0.00032046909711789336,"forward":-0.00041419266462326053,"rotateLeft":-0.0003626108861528337,"rotateRight":-0.00034265791233628997},"myBullets-2-x":{"fire":0.0004750770875019953,"forward":-0.00027482255368959166,"rotateLeft":0.00012014203774742783,"rotateRight":0.00023253514661919326},"myBullets-2-y":{"fire":-0.00020383809211198243,"forward":0.00026433178714942195,"rotateLeft":0.00008818529434502127,"rotateRight":0.00015186597155407073},"myBullets-3-x":{"fire":0.0004268093650229276,"forward":0.0006307784795761109,"rotateLeft":0.0006621956962859257,"rotateRight":-0.000047827419172972416},"myBullets-3-y":{"fire":-0.00017815635891165585,"forward":-0.00017849276037886744,"rotateLeft":-0.00015587865847628565,"rotateRight":0.0006232212766306476},"myBullets-4-x":{"fire":0.00006454599511343984,"forward":0.0005188102973392232,"rotateLeft":-0.0002461047550430522,"rotateRight":0.0001234921701718122},"myBullets-4-y":{"fire":0.00008944189616013318,"forward":0.00036901440112851563,"rotateLeft":-0.0002841872946592048,"rotateRight":0.000233243887219578},"otherBullets-0-x":{"fire":-0.0003236496713245288,"forward":-0.00039016341159585864,"rotateLeft":-0.000015496369544416662,"rotateRight":0.0002904357555089518},"otherBullets-0-y":{"fire":0.00027445803340524433,"forward":-0.0007266590345883744,"rotateLeft":0.0002158862862270325,"rotateRight":-0.0006197066505439577},"otherBullets-1-x":{"fire":-0.0006043208722490818,"forward":0.000320469374442473,"rotateLeft":-0.00041526959931943556,"rotateRight":-0.00041600429303944106},"otherBullets-1-y":{"fire":-0.0004787189795635641,"forward":-0.0002467091331956908,"rotateLeft":-0.00020111234236974273,"rotateRight":0.00010924344907980414},"otherBullets-2-x":{"fire":0.000009467689157463605,"forward":0.0004949605819303543,"rotateLeft":0.00006379750636406247,"rotateRight":-0.00014600121960975227},"otherBullets-2-y":{"fire":-0.0009724433725466951,"forward":-0.0006598744288086892,"rotateLeft":0.00038143362612463535,"rotateRight":0.0005727276507765055},"otherBullets-3-x":{"fire":0.00017315288262907412,"forward":0.00005848716220352795,"rotateLeft":0.00033556538152042784,"rotateRight":0.00008972309199161826},"otherBullets-3-y":{"fire":-0.00039654461189638824,"forward":0.00008744591295253486,"rotateLeft":-0.00040695010656490924,"rotateRight":0.0006854241785593331},"otherBullets-4-x":{"fire":-0.000018280486064031724,"forward":-0.00029045352376997474,"rotateLeft":0.00012420077330898492,"rotateRight":0.0008219842022983356},"otherBullets-4-y":{"fire":0.0003898810751736165,"forward":0.00011166408264543858,"rotateLeft":-0.00004668989037163558,"rotateRight":0.0001704646277939901},"asteroids-0-x":{"fire":0.00018850276432931426,"forward":0.0006946113760350273,"rotateLeft":0.0005093620989704506,"rotateRight":-0.00017613031624350695},"asteroids-0-y":{"fire":-0.000433044423814863,"forward":-0.00009243084136396645,"rotateLeft":0.0004357464763103053,"rotateRight":-0.00010682747839018703},"asteroids-0-size":{"fire":0.00040647679001558574,"forward":0.000613529296615161,"rotateLeft":-0.00039761944201309246,"rotateRight":0.00033412100709974776},"asteroids-1-x":{"fire":0.000059134503779932836,"forward":-0.0007214571219636127,"rotateLeft":0.00003891587606631219,"rotateRight":-0.000254511133255437},"asteroids-1-y":{"fire":0.0002414400208275765,"forward":-0.0004803816884523258,"rotateLeft":-0.00009508252874948084,"rotateRight":0.00008137374410871416},"asteroids-1-size":{"fire":-0.00013296267767436802,"forward":-0.0006779536692658439,"rotateLeft":0.0006439044449012727,"rotateRight":-0.00013186473317909985},"asteroids-2-x":{"fire":0.00022043692341540007,"forward":-0.0002357220859033987,"rotateLeft":-0.0006732103983173148,"rotateRight":0.0007943805103888733},"asteroids-2-y":{"fire":0.0005987923595588653,"forward":0.00014553382417652755,"rotateLeft":0.00007048140447586773,"rotateRight":0.0006137162071187049},"asteroids-2-size":{"fire":-0.00048222711239941427,"forward":0.00000972021189518274,"rotateLeft":-0.000420825407304801,"rotateRight":-0.00018871417425107213},"asteroids-3-x":{"fire":0.0008487561412388459,"forward":-0.00030817561792209744,"rotateLeft":0.0001451874214923009,"rotateRight":0.0006665347979171201},"asteroids-3-y":{"fire":0.00039967837703879926,"forward":0.00014560977921355514,"rotateLeft":0.00042980359527282423,"rotateRight":-0.000019893105886876572},"asteroids-3-size":{"fire":0.00030924624886829403,"forward":-0.00023646199486684053,"rotateLeft":0.0006344146301969886,"rotateRight":0.00010201973132789133},"asteroids-4-x":{"fire":0.00009843811532482508,"forward":0.00007732019349932672,"rotateLeft":-0.00033180780429393055,"rotateRight":-0.00014986940331291408},"asteroids-4-y":{"fire":-0.00018195998265873643,"forward":-0.00028097128372173754,"rotateLeft":0.0002206046318868175,"rotateRight":-0.00026547611705027524},"asteroids-4-size":{"fire":0.0005956356972455979,"forward":0.0000954671132611111,"rotateLeft":0.0005687255274737254,"rotateRight":0.00001072039429564027},"asteroids-5-x":{"fire":0.00008074444243684417,"forward":0.000017814346752129494,"rotateLeft":-0.0003692379059270025,"rotateRight":0.0006399284884566442},"asteroids-5-y":{"fire":0.0007018076727166771,"forward":0.00037339998176321386,"rotateLeft":-0.00013087297240272163,"rotateRight":0.0004948466754984111},"asteroids-5-size":{"fire":-0.0001472680221777409,"forward":0.00009787329037208112,"rotateLeft":0.00008744583895895628,"rotateRight":0.0005542624161345884},"asteroids-6-x":{"fire":-0.00014825074838008734,"forward":-0.000007767279911786317,"rotateLeft":0.00030360003462992616,"rotateRight":-0.0007262318866327405},"asteroids-6-y":{"fire":0.00019554054408799857,"forward":0.00018518068566918374,"rotateLeft":0.00043742505218833684,"rotateRight":0.0006488698196131737},"asteroids-6-size":{"fire":-0.0004961296539520844,"forward":-0.0007788367472123355,"rotateLeft":0.0008931422515306622,"rotateRight":-0.000042534642154350876},"asteroids-7-x":{"fire":0.0005611405506962911,"forward":-0.00042631345491390683,