{"winRate":0.19,"weights":{"myShip-x":{"fire":0.0004046206971397624,"forward":-0.0005496486201882363,"rotateLeft":0.00033262699067126956,"rotateRight":-0.0003346845776773989},"myShip-y":{"fire":0.00028961413349024956,"forward":-0.0005938116608653219,"rotateLeft":0.0008650668831309304,"rotateRight":-0.00019325498943217103},"myShip-angle":{"fire":-0.0004283631171332673,"forward":0.0006823835059534757,"rotateLeft":-0.00011300544783007353,"rotateRight":0.0007089525582734495},"myShip-vel-x":{"fire":-0.000027434311225079015,"forward":0.00029850146430544555,"rotateLeft":0.00019323874723631892,"rotateRight":0.00010595485132653269},"myShip-vel-y":{"fire":0.0006719408466247842,"forward":0.00015452919648960232,"rotateLeft":-0.00008839423893950885,"rotateRight":0.00011568010323680938},"otherShip-x":{"fire":0.00017660726194735615,"forward":-0.00003219370199367401,"rotateLeft":-0.0006006083918968215,"rotateRight":-0.00027162539183627816},"otherShip-y":{"fire":-0.0004429585807025433,"forward":0.000038861530460417284,"rotateLeft":-0.00022574969278648491,"rotateRight":-0.00002561155462171883},"otherShip-angle":{"fire":0.0007317354164086282,"forward":0.0007614814672619105,"rotateLeft":0.00043500727901700883,"rotateRight":-0.00008991739295888693},"otherShip-vel-x":{"fire":0.0002514523689402268,"forward":0.000590040681976825,"rotateLeft":0.0005098037944640964,"rotateRight":0.00016912132962606846},"otherShip-vel-y":{"fire":-0.00008650953965261583,"forward":-0.0009997788281878456,"rotateLeft":0.00019331949383486063,"rotateRight":0.00043693886664696036},"myBullets-0-x":{"fire":-0.00042556620920076966,"forward":-0.000361474807257764,"rotateLeft":-0.00020912961447611459,"rotateRight":0.0006025641252053903},"myBullets-0-y":{"fire":-0.00018719439306296408,"forward":0.0003056627151090651,"rotateLeft":-0.00039737362617161127,"rotateRight":0.00008253642751369629},"myBullets-1-x":{"fire":-0.000025034605292603377,"forward":0.0006125598823884502,"rotateLeft":-0.00038360699119511995,"rotateRight":0.00032679866112302996},"myBullets-1-y":{"fire":0.00030272260089404877,"forward":-0.00040238088292535396,"rotateLeft":-0.00033652036325074734,"rotateRight":-0.000309961628029123},"myBullets-2-x":{"fire":0.00046580552391242236,"forward":-0.00032043512859381744,"rotateLeft":0.00005199539549648761,"rotateRight":0.0001778131335042417},"myBullets-2-y":{"fire":-0.00024623119323514405,"forward":0.00025260763340629645,"rotateLeft":0.000026173456315882515,"rotateRight":0.00018225251650437713},"myBullets-3-x":{"fire":0.0004208670312771574,"forward":0.0005611527578206734,"rotateLeft":0.0006750280080828815,"rotateRight":-0.000048029583250172406},"myBullets-3-y":{"fire":-0.0001452059434959665,"forward":-0.00018297707082238053,"rotateLeft":-0.00015769994982983918,"rotateRight":0.000596020545414649},"myBullets-4-x":{"fire":0.00007445509335957465,"forward":0.0005147545604035257,"rotateLeft":-0.000275169351999648,"rotateRight":0.00008597962993662806},"myBullets-4-y":{"fire":0.00010851127179339528,"forward":0.0003732186627108604,"rotateLeft":-0.00027637232281267643,"rotateRight":0.00016769324790220704},"otherBullets-0-x":{"fire":-0.00033842511256225417,"forward":-0.0004193151770858094,"rotateLeft":-0.000008025342808105049,"rotateRight":0.0002903752373997122},"otherBullets-0-y":{"fire":0.0003129116520751268,"forward":-0.0007425135134020822,"rotateLeft":0.0001192381761735305,"rotateRight":-0.0006771190494997425},"otherBullets-1-x":{"fire":-0.0005694855920039117,"forward":0.0002790163103025406,"rotateLeft":-0.0004149365776451304,"rotateRight":-0.0003975307103712111},"otherBullets-1-y":{"fire":-0.0005311189080122858,"forward":-0.0002767635012511164,"rotateLeft":-0.00011291998636443171,"rotateRight":0.0001027281724382192},"otherBullets-2-x":{"fire":0.000034916373272426426,"forward":0.000449207835062407,"rotateLeft":0.00006107050105929378,"rotateRight":-0.00016079226902220394},"otherBullets-2-y":{"fire":-0.0009367028491338715,"forward":-0.0006616885159630328,"rotateLeft":0.00035365056532900784,"rotateRight":0.0006221874913433567},"otherBullets-3-x":{"fire":0.00020944960196502503,"forward":0.00004710355219431218,"rotateLeft":0.00039188220947980885,"rotateRight":0.00009220618507824837},"otherBullets-3-y":{"fire":-0.00034073720674496146,"forward":0.00002987684332765639,"rotateLeft":-0.0003642310561379418,"rotateRight":0.0006679814617382363},"otherBullets-4-x":{"fire":-0.00002006328538991511,"forward":-0.00023814980150200428,"rotateLeft":0.00012898210408166048,"rotateRight":0.000785578712914139},"otherBullets-4-y":{"fire":0.0003261433837935329,"forward":0.00009777355508413163,"rotateLeft":-0.000010523103154264411,"rotateRight":0.00016444464307278396},"asteroids-0-x":{"fire":0.00012636511565651746,"forward":0.0007419066332746298,"rotateLeft":0.0004890035069780426,"rotateRight":-0.00017622825840953735},"asteroids-0-y":{"fire":-0.0003994040802353993,"forward":-0.00003298641026485709,"rotateLeft":0.0005027085777837783,"rotateRight":-0.00004678093439433724},"asteroids-0-size":{"fire":0.0004573262201854959,"forward":0.0006054610293824226,"rotateLeft":-0.00042502988521009695,"rotateRight":0.00029908602836076177},"asteroids-1-x":{"fire":0.0000858631659997627,"forward":-0.0007400181835750118,"rotateLeft":0.00005761605578009039,"rotateRight":-0.0002437601719982922},"asteroids-1-y":{"fire":0.00026290397038683294,"forward":-0.0004455500247422606,"rotateLeft":-0.000030159512115642428,"rotateRight":0.00008824817845597863},"asteroids-1-size":{"fire":-0.00010424609126057474,"forward":-0.0007168150136945769,"rotateLeft":0.0006659071440109983,"rotateRight":-0.0001171745470026508},"asteroids-2-x":{"fire":0.00024620252514723684,"forward":-0.00016905842465348542,"rotateLeft":-0.0006870328389108183,"rotateRight":0.0007658503703540189},"asteroids-2-y":{"fire":0.0005337384948739781,"forward":0.00014513748397585005,"rotateLeft":0.000017334106261841937,"rotateRight":0.0005369444058975205},"asteroids-2-size":{"fire":-0.0004331754393177108,"forward":-0.000029057953949086357,"rotateLeft":-0.00038220667371060695,"rotateRight":-0.00020453871875070038},"asteroids-3-x":{"fire":0.0008167727250140161,"forward":-0.0002437446911353618,"rotateLeft":0.00011804506646003572,"rotateRight":0.0007405142573174089},"asteroids-3-y":{"fire":0.0004625827356707305,"forward":0.0001471255120821297,"rotateLeft":0.00043334033451974393,"rotateRight":0.000012364976899698388},"asteroids-3-size":{"fire":0.0003053834381746128,"forward":-0.000260048982524313,"rotateLeft":0.0006483348233159631,"rotateRight":0.00010008536530658601},"asteroids-4-x":{"fire":0.00013398368696216498,"forward":0.00008877030350267889,"rotateLeft":-0.00034944957550615076,"rotateRight":-0.00018797036558389666},"asteroids-4-y":{"fire":-0.00014972192908171565,"forward":-0.000335116682224907,"rotateLeft":0.0002690607615513727,"rotateRight":-0.0001970821939175949},"asteroids-4-size":{"fire":0.0005719154581194744,"forward":0.0001386237971019,"rotateLeft":0.0005124935866799205,"rotateRight":-0.000018149546440690777},"asteroids-5-x":{"fire":0.00006277334808837628,"forward":0.00003649983105715364,"rotateLeft":-0.00040685935099609203,"rotateRight":0.000630400838283822},"asteroids-5-y":{"fire":0.0006965799257392063,"forward":0.0003879810031503439,"rotateLeft":-0.0001476409752620384,"rotateRight":0.0005440870940685272},"asteroids-5-size":{"fire":-0.00013449198184534907,"forward":0.00010854359569493683,"rotateLeft":0.00005905071089509872,"rotateRight":0.0004653094425331801},"asteroids-6-x":{"fire":-0.00014011597349308433,"forward":-0.000042309180274605754,"rotateLeft":0.00035322323697619144,"rotateRight":-0.000764172911318019},"asteroids-6-y":{"fire":0.00015327782183885573,"forward":0.00016496983813121916,"rotateLeft":0.00040011677821166807,"rotateRight":0.0006792366279056297},"asteroids-6-size":{"fire":-0.0005175101968459784,"forward":-0.0007537995914462954,"rotateLeft":0.0008847067701164633,"rotateRight":0.000003204350220039491},"asteroids-7-x":{"fire":0.0004976937095168978,"forward":-0.00044752616849727935,