{"winRate":0.73,"weights":{"myShip-x":{"fire":-0.000004595002485439181,"forward":-0.00007603060139808803,"rotateLeft":0.000007937193126417697,"rotateRight":-0.00004264561964664608},"myShip-y":{"fire":0.0000018109169322997327,"forward":-0.00003231986353639513,"rotateLeft":-0.00001691402334254235,"rotateRight":0.000050811418076045814},"myShip-angle":{"fire":-0.00005780913743656129,"forward":0.000008772816066630185,"rotateLeft":-0.000013783386303111912,"rotateRight":2.4804689455777126e-7},"myShip-vel-x":{"fire":-0.00008736251720692964,"forward":0.00001045611335430294,"rotateLeft":-0.000009108432964421808,"rotateRight":-0.000011891029239632192},"myShip-vel-y":{"fire":0.000044423225475475196,"forward":0.00005124989578034729,"rotateLeft":0.000005768883693963291,"rotateRight":0.00003015218691434711},"otherShip-x":{"fire":0.00003207247871905565,"forward":-0.000008408011449500918,"rotateLeft":-0.00005831833058036864,"rotateRight":0.0000033353253733366732},"otherShip-y":{"fire":-0.000049007821246050304,"forward":-0.00008295708799269051,"rotateLeft":-0.00007197858721483499,"rotateRight":0.0000671761235455051},"otherShip-angle":{"fire":-0.000001406764751300216,"forward":0.000010706394375301895,"rotateLeft":0.000008019083878025413,"rotateRight":-0.000024340534675866367},"otherShip-vel-x":{"fire":0.000046958016511052853,"forward":0.00006906566962134092,"rotateLeft":-0.00004287922990042717,"rotateRight":-0.0000029095427133142934},"otherShip-vel-y":{"fire":0.000008898856956511736,"forward":0.0000087924562394619,"rotateLeft":-0.000018771850061602892,"rotateRight":-0.00004029721969272942},"myBullets-0-x":{"fire":0.00003612147222738713,"forward":-0.000028204117133282128,"rotateLeft":0.000019332508067600433,"rotateRight":0.000043463019072078166},"myBullets-0-y":{"fire":0.00004981462059076876,"forward":0.00005590872433967889,"rotateLeft":0.00005766114934813231,"rotateRight":-0.0000037757109152153107},"myBullets-1-x":{"fire":0.00006943938576150686,"forward":-0.000007341480511240663,"rotateLeft":-0.00001917560985311866,"rotateRight":0.00002911248030140996},"myBullets-1-y":{"fire":0.000016301392205059532,"forward":0.00002685091581661254,"rotateLeft":-0.00000944199578370899,"rotateRight":-0.000055384229519404476},"myBullets-2-x":{"fire":-0.00000700949961319566,"forward":-0.000016971486201509836,"rotateLeft":-0.00006848902471829206,"rotateRight":-0.00006544128078967333},"myBullets-2-y":{"fire":-0.00006141771879047156,"forward":-0.000027748232521116737,"rotateLeft":0.0000801797260530293,"rotateRight":0.00006187680042348803},"myBullets-3-x":{"fire":0.000037465747771784666,"forward":-0.000046861161221750086,"rotateLeft":-0.000035957616777159275,"rotateRight":0.000046704814024269587},"myBullets-3-y":{"fire":0.000026292996155098085,"forward":-0.00007803726610727609,"rotateLeft":-0.00002331606282386929,"rotateRight":0.00005992650173138827},"myBullets-4-x":{"fire":0.00005159290758892894,"forward":-0.00003271905635483563,"rotateLeft":-0.000005806158040650186,"rotateRight":-0.000018413655739277603},"myBullets-4-y":{"fire":-0.000031419319706037636,"forward":0.00008382104139309377,"rotateLeft":-2.461436670273517e-7,"rotateRight":-0.00005918926801532507},"otherBullets-0-x":{"fire":-0.0000873484822222963,"forward":5.94645575620234e-7,"rotateLeft":-0.00005766657846979797,"rotateRight":0.000023155062599107624},"otherBullets-0-y":{"fire":-0.000012403987674042585,"forward":0.000015226928191259506,"rotateLeft":-0.00004468935735058039,"rotateRight":0.00002053586516994983},"otherBullets-1-x":{"fire":-0.000006168950954452159,"forward":0.0000157194027910009,"rotateLeft":0.0000032025338616222128,"rotateRight":0.00008480324491392822},"otherBullets-1-y":{"fire":0.00002839608695358038,"forward":0.00003816525351721794,"rotateLeft":0.00005575909852050245,"rotateRight":0.00007315284684300423},"otherBullets-2-x":{"fire":7.165281334891896e-7,"forward":-0.00006140451442915946,"rotateLeft":-0.00002398036438971758,"rotateRight":-0.00001548014343716204},"otherBullets-2-y":{"fire":-0.000025153102725744247,"forward":0.00005818594389129431,"rotateLeft":-0.000018481539748609066,"rotateRight":0.00008748242680449039},"otherBullets-3-x":{"fire":0.000021083740051835772,"forward":-0.000015308607416227457,"rotateLeft":-0.000033997870190069084,"rotateRight":-0.00003412993729580194},"otherBullets-3-y":{"fire":-0.000016315115010365847,"forward":-0.0000284450504463166,"rotateLeft":-0.000049504902167245754,"rotateRight":-0.000056006277212873105},"otherBullets-4-x":{"fire":-0.000010538392513990403,"forward":-0.000002600257424637676,"rotateLeft":-0.00008013711960520596,"rotateRight":-0.000060266353562474256},"otherBullets-4-y":{"fire":-0.00003232235726900399,"forward":0.00004198409118689597,"rotateLeft":-0.000008827790687792003,"rotateRight":0.000060432919161394234},"asteroids-0-x":{"fire":0.000005619090236723423,"forward":-0.00003461492618080229,"rotateLeft":0.000035098612122237685,"rotateRight":0.00001309617015067488},"asteroids-0-y":{"fire":-0.0000011671300977468497,"forward":0.0000010405583772808312,"rotateLeft":0.00007075808483641596,"rotateRight":0.00006058857918251306},"asteroids-0-size":{"fire":0.00005619532561395317,"forward":-0.00004094104792457074,"rotateLeft":0.000007011367962695664,"rotateRight":0.00002859348496422172},"asteroids-1-x":{"fire":-0.000009291915269568563,"forward":0.000012428230023942888,"rotateLeft":0.00007805921870749444,"rotateRight":-0.0000719084779266268},"asteroids-1-y":{"fire":-4.666605964302986e-8,"forward":0.00004301324114203453,"rotateLeft":-0.00006695070455316454,"rotateRight":0.00006610440115910023},"asteroids-1-size":{"fire":0.00004506053111981601,"forward":-0.000026256303163245322,"rotateLeft":-0.000035106797306798396,"rotateRight":-0.00004493987991008908},"asteroids-2-x":{"fire":-0.00006620938992127776,"forward":0.0000010713779833167792,"rotateLeft":-0.000010634166072122756,"rotateRight":0.000010811008489690723},"asteroids-2-y":{"fire":-9.724703384563299e-7,"forward":0.000018144434364512563,"rotateLeft":0.00006552710365504026,"rotateRight":-0.0000015212852274999028},"asteroids-2-size":{"fire":0.000053923084656707946,"forward":0.000042896953411400315,"rotateLeft":0.00005691825761459768,"rotateRight":-0.000008709584036841988},"asteroids-3-x":{"fire":-0.00007209983051288873,"forward":-1.6035388689488268e-7,"rotateLeft":-0.00006457700482569635,"rotateRight":0.0000018005553632974629},"asteroids-3-y":{"fire":0.00008274564100429417,"forward":-0.00008988768437411637,"rotateLeft":-0.00005371063135098667,"rotateRight":-0.0000936686547473073},"asteroids-3-size":{"fire":0.00001327937603928149,"forward":0.00005761302292812616,"rotateLeft":-0.000026398802129551766,"rotateRight":-0.0000037586828693747516},"asteroids-4-x":{"fire":0.00007362548527307808,"forward":-0.00003748349263332784,"rotateLeft":-0.000006642364570870991,"rotateRight":0.00001009176759980619},"asteroids-4-y":{"fire":0.000037983377999626105,"forward":-0.0000464420607779175,"rotateLeft":0.00001549089185427874,"rotateRight":0.000007212006859481338},"asteroids-4-size":{"fire":0.000027210088027641178,"forward":0.00003796939300373197,"rotateLeft":0.00003815651920158416,"rotateRight":-0.000004302414553239942},"asteroids-5-x":{"fire":0.00003305773695465177,"forward":0.00006853148287627846,"rotateLeft":-0.000056794014410115786,"rotateRight":-0.0000252673921873793},"asteroids-5-y":{"fire":-0.000053898026607930667,"forward":0.000001791249657981097,"rotateLeft":-0.000002481532935053112,"rotateRight":-0.000006436484283767643},"asteroids-5-size":{"fire":-0.000018440386606380345,"forward":0.00003623069864697755,"rotateLeft":0.00005754376258701086,"rotateRight":-0.00008864446065854282},"asteroids-6-x":{"fire":-0.000029619739274494352,"forward":-0.00006699193906970322,"rotateLeft":0.00004350244789384306,"rotateRight":-0.000014460380072705447},"asteroids-6-y":{"fire":-0.00007393564791418613,"forward":-0.00006350057111121714,"rotateLeft":0.00004769303647335619,"rotateRight":0.000023658849741332233},"asteroids-6-size":{"fire":0.00003906577948946506,