{"winRate":0.09,"weights":{"myShip-x":{"fire":0.00005421230297069997,"forward":-0.000009247449855320151,"rotateLeft":0.000037073117983527484,"rotateRight":-0.000021410134388133878},"myShip-y":{"fire":0.000056064364896155884,"forward":0.000030139925144612787,"rotateLeft":-0.000049549541925080124,"rotateRight":0.00007218142063356936},"myShip-angle":{"fire":-0.00008107244628481567,"forward":0.0000960974800400436,"rotateLeft":0.00010620489893481137,"rotateRight":-0.000011331672244705259},"myShip-vel-x":{"fire":-0.000025910614756867293,"forward":0.000036178721347823736,"rotateLeft":0.000044723500637337574,"rotateRight":-0.00004539151641074569},"myShip-vel-y":{"fire":0.00003966229318175466,"forward":0.00009886531014926732,"rotateLeft":0.00010336108673363925,"rotateRight":0.00006305169952102005},"otherShip-x":{"fire":0.00013836551832500845,"forward":0.00005695769025478512,"rotateLeft":-0.0000559390852926299,"rotateRight":-0.0000032917253673076614},"otherShip-y":{"fire":-0.00005883384086191655,"forward":0.00008702339807059616,"rotateLeft":-0.00001808152869343758,"rotateRight":-0.00007186998997349292},"otherShip-angle":{"fire":-0.000056941587710753086,"forward":-0.000046417217841371894,"rotateLeft":-0.00005137607941869646,"rotateRight":-0.00007772916769608856},"otherShip-vel-x":{"fire":0.00002574466348160058,"forward":0.00002293589878827333,"rotateLeft":0.00001790027040988207,"rotateRight":0.00002207027662079782},"otherShip-vel-y":{"fire":0.00001217857517767698,"forward":0.00007469423268921673,"rotateLeft":0.000007477681455202405,"rotateRight":-0.0000030628929147496795},"myBullets-0-x":{"fire":0.00005347057869657875,"forward":-0.00003450565920211375,"rotateLeft":0.00007883366921450943,"rotateRight":0.00008575664351228625},"myBullets-0-y":{"fire":0.00008247803170233965,"forward":0.000044262944627553226,"rotateLeft":0.0000408017182489857,"rotateRight":-0.000022265036962926387},"myBullets-1-x":{"fire":-0.00007794393789954483,"forward":-0.00010861913957633078,"rotateLeft":-0.000030993870343081655,"rotateRight":0.0000025365126319229618},"myBullets-1-y":{"fire":0.0000465636337408796,"forward":0.000006228805636055767,"rotateLeft":0.000004619760205969217,"rotateRight":0.000008228343655355275},"myBullets-2-x":{"fire":0.000049147808575071396,"forward":-0.000004126745695248242,"rotateLeft":0.00007985976489726455,"rotateRight":0.000038165450096130375},"myBullets-2-y":{"fire":-0.000006568924686871475,"forward":0.0000195363231934607,"rotateLeft":0.00006891797163989394,"rotateRight":0.00007638264433480799},"myBullets-3-x":{"fire":-0.000004660262214019894,"forward":0.000002419652882963416,"rotateLeft":0.000017552174022421247,"rotateRight":-0.00001750718655530364},"myBullets-3-y":{"fire":-0.000023823543428443374,"forward":0.00008212476023472846,"rotateLeft":-0.000035776254744268964,"rotateRight":0.00010959507084917277},"myBullets-4-x":{"fire":-0.00003525982999708504,"forward":-0.00009624419207684696,"rotateLeft":-0.00008068927137646825,"rotateRight":0.00003822751983534545},"myBullets-4-y":{"fire":-0.000013441115082241592,"forward":-0.000002116615441627801,"rotateLeft":0.000050327622750774025,"rotateRight":0.000011682386999018492},"otherBullets-0-x":{"fire":0.00004096783248241991,"forward":0.00005951614542864264,"rotateLeft":0.0001227807726478204,"rotateRight":-0.000021237244596704843},"otherBullets-0-y":{"fire":0.00007732360635418445,"forward":-0.00014197841323912146,"rotateLeft":-0.00007546763129066676,"rotateRight":-0.00003071456078905612},"otherBullets-1-x":{"fire":-0.000028309892560355367,"forward":0.0000948446358088404,"rotateLeft":0.00007418425546493383,"rotateRight":-0.000045657056057825686},"otherBullets-1-y":{"fire":-0.000008474497916176918,"forward":-0.0000962269195355475,"rotateLeft":0.000040467155282385655,"rotateRight":0.000018382289260625836},"otherBullets-2-x":{"fire":-0.00007614443108905106,"forward":0.000038323050853796304,"rotateLeft":0.0000771170019870624,"rotateRight":0.00003838176364079118},"otherBullets-2-y":{"fire":0.00007287959142122417,"forward":-0.0000631025430513546,"rotateLeft":0.00010200000668410212,"rotateRight":-0.000041399878170341256},"otherBullets-3-x":{"fire":0.00003127279079053552,"forward":0.000009598528826609251,"rotateLeft":0.00003679266134276986,"rotateRight":-0.00004577725217677652},"otherBullets-3-y":{"fire":-0.00010070584705099465,"forward":-0.00003959685794543475,"rotateLeft":-0.00001249350130092353,"rotateRight":-0.00010188065902329982},"otherBullets-4-x":{"fire":-0.00001536779331509024,"forward":-0.000004959272919222714,"rotateLeft":-0.0000020596433198079456,"rotateRight":-0.00000580075944308192},"otherBullets-4-y":{"fire":0.00006346130615565926,"forward":0.00006190995876677335,"rotateLeft":0.00006256971990223974,"rotateRight":-0.000039788049925118685},"asteroids-0-x":{"fire":-0.00006379877876024694,"forward":-0.00002455502059310675,"rotateLeft":-0.00003933537059929222,"rotateRight":0.00000858979858458042},"asteroids-0-y":{"fire":-0.00005451104138046503,"forward":0.000027048947615548966,"rotateLeft":0.000013088084198534484,"rotateRight":-0.00003631920816842467},"asteroids-0-size":{"fire":0.00006420931131578982,"forward":-0.0000727028735447675,"rotateLeft":-0.00004336285640019924,"rotateRight":0.00011596310215536505},"asteroids-1-x":{"fire":-0.0000849245912162587,"forward":-0.00004592159332241864,"rotateLeft":-0.000029849528288468718,"rotateRight":-0.00007925290514249356},"asteroids-1-y":{"fire":0.00002436055198777467,"forward":0.000025015455251559615,"rotateLeft":0.000005597593262791636,"rotateRight":0.00007165818407665939},"asteroids-1-size":{"fire":0.000007908454095013442,"forward":-0.00003866547488141806,"rotateLeft":-0.00010640065069310369,"rotateRight":-0.0000016429018462076748},"asteroids-2-x":{"fire":0.00009583059933502228,"forward":-0.000025597362779080877,"rotateLeft":-0.0000762292264495045,"rotateRight":-0.000059889011597260826},"asteroids-2-y":{"fire":0.000013900090660899882,"forward":0.00007983725946396588,"rotateLeft":0.00013480830064509065,"rotateRight":-0.00001584852165542543},"asteroids-2-size":{"fire":-0.000003883399744518106,"forward":0.000020040455623529856,"rotateLeft":0.00007037591161206366,"rotateRight":-0.000016237097419798378},"asteroids-3-x":{"fire":-0.000059745488991029564,"forward":-0.0000537275702925399,"rotateLeft":0.000056362512824125586,"rotateRight":0.000028631599713116885},"asteroids-3-y":{"fire":-0.0000693754755659029,"forward":-0.000011504627135582272,"rotateLeft":-5.820106947794538e-7,"rotateRight":0.000049351565330289305},"asteroids-3-size":{"fire":-0.000006868310645222664,"forward":-0.000055495838797651234,"rotateLeft":0.000006617423798888921,"rotateRight":-0.00005107969075907022},"asteroids-4-x":{"fire":0.00002077202710788697,"forward":-0.000007562365476042035,"rotateLeft":0.00006158478551078588,"rotateRight":0.000059117663023062055},"asteroids-4-y":{"fire":0.000006518736970610922,"forward":0.00005001336575951428,"rotateLeft":-0.00013014257897157224,"rotateRight":0.000028457688423804937},"asteroids-4-size":{"fire":0.00005867523492779582,"forward":-0.000018906939681619403,"rotateLeft":0.00004329300688114017,"rotateRight":-0.00001731448047794402},"asteroids-5-x":{"fire":0.000047738239681348203,"forward":-0.000029872073745355008,"rotateLeft":0.000013480693427845839,"rotateRight":-0.00001959020672366023},"asteroids-5-y":{"fire":0.00003891086857765913,"forward":-0.00006784323318861426,"rotateLeft":0.00003165548399556428,"rotateRight":-0.000059140975051559505},"asteroids-5-size":{"fire":-0.00001912486290093512,"forward":0.00008840184616856277,"rotateLeft":-0.000003746033785864705,"rotateRight":-0.000013594945403747264},"asteroids-6-x":{"fire":-0.000015999590861611063,"forward":-0.00001956994840875268,"rotateLeft":-0.00001863069622777403,"rotateRight":-0.0000044028214178979435},"asteroids-6-y":{"fire":0.00003683941354975105,"forward":0.00004423676102887839,"rotateLeft":-0.00005363557422533632,"rotateRight":-0.000018382079643197356},"asteroids-6-size":{"fire":0.00005471860293764622,