{"winRate":0.335,"weights":{"myShip-x":{"fire":-0.00028833276445511724,"forward":-0.00004955429441761227,"rotateLeft":-0.00006966432738117874,"rotateRight":0.00011335896644741296},"myShip-y":{"fire":0.00011713984033558517,"forward":0.0002612013202626258,"rotateLeft":-0.00006464036020915954,"rotateRight":-0.00012203813428059219},"myShip-angle":{"fire":0.00012387935416772962,"forward":-0.00007078947932459418,"rotateLeft":-0.00011286517579574138,"rotateRight":0.00013712617026176302},"myShip-vel-x":{"fire":-0.00012290948072914035,"forward":-0.00015677511340472848,"rotateLeft":0.00006224425202235578,"rotateRight":0.00024134074726607648},"myShip-vel-y":{"fire":0.0002721825750079006,"forward":0.00018450077790766953,"rotateLeft":-0.00016649053872097282,"rotateRight":-0.000010399512550793576},"otherShip-x":{"fire":0.00003184340659063311,"forward":-0.00008711031347047536,"rotateLeft":0.00015360088064335288,"rotateRight":-0.000026340745063498604},"otherShip-y":{"fire":-0.00009023410589434207,"forward":0.0001359307926381007,"rotateLeft":0.000027942296466790134,"rotateRight":0.0001555443212855607},"otherShip-angle":{"fire":-0.0001826743486570194,"forward":-0.000009514616406522712,"rotateLeft":-0.00016581652306485917,"rotateRight":-5.973997293040202e-7},"otherShip-vel-x":{"fire":-0.00021786297941580414,"forward":-0.000022038507042452697,"rotateLeft":-0.0002344452532241121,"rotateRight":-0.00007469793041236698},"otherShip-vel-y":{"fire":-0.00003353716025594622,"forward":-0.00004870544327422977,"rotateLeft":-0.00013449951547663658,"rotateRight":-0.000015719950105994947},"myBullets-0-x":{"fire":0.00011704239363316447,"forward":0.000011654168646782639,"rotateLeft":-0.00011435869897250084,"rotateRight":-0.00002519633036572485},"myBullets-0-y":{"fire":-0.00009422676507383586,"forward":-0.00003867456384468824,"rotateLeft":5.236327648162876e-7,"rotateRight":-0.00010279946692753584},"myBullets-1-x":{"fire":0.00006224736338481309,"forward":-0.00021571415329817682,"rotateLeft":0.00015294044415932147,"rotateRight":0.00006231105674523861},"myBullets-1-y":{"fire":0.00010813679483253507,"forward":0.00006134241737890987,"rotateLeft":0.0002951598353451118,"rotateRight":0.00010576650633011013},"myBullets-2-x":{"fire":-0.0001755503335269168,"forward":-0.0002515768221579492,"rotateLeft":-0.000046060563344508415,"rotateRight":-0.00034912360741291197},"myBullets-2-y":{"fire":0.00009869386244099588,"forward":-0.00009850045233033597,"rotateLeft":-0.000049598753778263896,"rotateRight":0.000293422949174419},"myBullets-3-x":{"fire":-0.00012120952231343836,"forward":-0.0001762775429757312,"rotateLeft":0.000027050793101079775,"rotateRight":-0.000054955869726836684},"myBullets-3-y":{"fire":0.00006321007350925353,"forward":0.00027603412771131844,"rotateLeft":-0.00017347658376675097,"rotateRight":0.00019382615047506985},"myBullets-4-x":{"fire":0.000040795461530797214,"forward":-0.00004393698023632169,"rotateLeft":-0.0001278959034243599,"rotateRight":0.00010218155661132187},"myBullets-4-y":{"fire":0.0001850246385904029,"forward":0.00004781384626403449,"rotateLeft":-0.00004801643942482769,"rotateRight":-0.0000603883592179045},"otherBullets-0-x":{"fire":0.00009660071076359599,"forward":0.00019856888114009048,"rotateLeft":0.0003072522467933595,"rotateRight":-0.00004746717181988063},"otherBullets-0-y":{"fire":-0.000035978370090015274,"forward":-0.00013554952973499892,"rotateLeft":-0.00008347227729391307,"rotateRight":-0.000016436645714566116},"otherBullets-1-x":{"fire":-0.000014533730479888673,"forward":-0.00004525619582273067,"rotateLeft":0.000042019738769158714,"rotateRight":0.00004576501038391143},"otherBullets-1-y":{"fire":-0.0001606080500409007,"forward":-0.00012717076430562884,"rotateLeft":-0.00006843839355278758,"rotateRight":0.00003341400451026856},"otherBullets-2-x":{"fire":-0.0001046070386888459,"forward":0.00003607611861079931,"rotateLeft":0.0002722299913642928,"rotateRight":-0.0001401643334655091},"otherBullets-2-y":{"fire":-0.0000345667782239616,"forward":-0.00022909786382224411,"rotateLeft":-0.00011436180581804365,"rotateRight":0.00007475629874970763},"otherBullets-3-x":{"fire":-0.00010812261167448012,"forward":0.00010780251594260336,"rotateLeft":0.00016426778456661852,"rotateRight":-0.00005635606767609716},"otherBullets-3-y":{"fire":0.0001900061402004212,"forward":0.00014343315709847956,"rotateLeft":0.00019968966839369382,"rotateRight":0.00009676983801182358},"otherBullets-4-x":{"fire":-0.000005624895077198766,"forward":0.00005379792677704246,"rotateLeft":0.00019126926129683848,"rotateRight":0.0002696574765956029},"otherBullets-4-y":{"fire":0.000026611922145821156,"forward":0.0003082948648603633,"rotateLeft":0.00009324340587481855,"rotateRight":0.00002767607660498471},"asteroids-0-x":{"fire":0.0001558476734906435,"forward":-0.00018174589602276684,"rotateLeft":-0.00004179160182829945,"rotateRight":0.000014553050673566744},"asteroids-0-y":{"fire":-0.000048465619632042966,"forward":0.000012456674664281287,"rotateLeft":0.00011522142321337012,"rotateRight":-0.00023766980976797645},"asteroids-0-size":{"fire":-0.00024085334194824096,"forward":-0.0001427809068467468,"rotateLeft":0.00003632851338479665,"rotateRight":-0.00012044244224671274},"asteroids-1-x":{"fire":-0.00005606027236208318,"forward":0.0001731661835219711,"rotateLeft":-0.00007030551477801054,"rotateRight":0.00005836345381103459},"asteroids-1-y":{"fire":0.0001266868057893589,"forward":-0.00003465770264156161,"rotateLeft":0.00000869549489580096,"rotateRight":-0.0002633573450380936},"asteroids-1-size":{"fire":-0.00024020451996475454,"forward":-0.00016360884252935646,"rotateLeft":0.00013784123500809072,"rotateRight":-0.00028114321136381477},"asteroids-2-x":{"fire":-0.00012989138432312758,"forward":0.00012619782611727716,"rotateLeft":0.00006234737890772521,"rotateRight":-0.00012625961578451096},"asteroids-2-y":{"fire":0.00010632586444262414,"forward":0.00015539665177930148,"rotateLeft":0.00007063889359124008,"rotateRight":-0.00011534466524608433},"asteroids-2-size":{"fire":0.0002782885309075936,"forward":-0.00024312195717357099,"rotateLeft":-0.00016795779776293784,"rotateRight":-0.00016407093566376716},"asteroids-3-x":{"fire":0.0003255202536936849,"forward":0.0002999654786894098,"rotateLeft":-0.00010910867159254849,"rotateRight":-0.00019408882402349264},"asteroids-3-y":{"fire":0.00008772653245832772,"forward":-0.000046627234527841205,"rotateLeft":0.0000018435355043038666,"rotateRight":-0.0003403790662297979},"asteroids-3-size":{"fire":-0.000025955189601518196,"forward":-0.000178262550290674,"rotateLeft":0.00007771219285205005,"rotateRight":-0.00023024349333718419},"asteroids-4-x":{"fire":-0.000007114594150334604,"forward":0.00011697368526365607,"rotateLeft":-0.0001312780048465356,"rotateRight":0.000060613645450212074},"asteroids-4-y":{"fire":0.0001241505928337574,"forward":-0.000059409484663046905,"rotateLeft":0.00028811122847255323,"rotateRight":0.00013309934479184448},"asteroids-4-size":{"fire":0.00009889243321958931,"forward":0.000037161961430683735,"rotateLeft":-0.00008023480251431466,"rotateRight":0.000058698795572854556},"asteroids-5-x":{"fire":-0.000008102438761852695,"forward":0.00007783138765953481,"rotateLeft":-0.0000022002937505021596,"rotateRight":-0.00010553958783857525},"asteroids-5-y":{"fire":-0.00011142536990810186,"forward":0.000017177988402545453,"rotateLeft":0.0000542486792197451,"rotateRight":0.00012970724639017135},"asteroids-5-size":{"fire":0.00011676101388875395,"forward":0.000020423544920049612,"rotateLeft":0.000026105917105451194,"rotateRight":0.00006596031233202665},"asteroids-6-x":{"fire":-0.00011428624582476909,"forward":-0.00015561880888417362,"rotateLeft":0.00024831343984697016,"rotateRight":0.0003675870461156592},"asteroids-6-y":{"fire":-0.00010684269783087073,"forward":-0.00002613879267591982,"rotateLeft":-0.00023476580702699718,"rotateRight":-0.00013906613485887645},"asteroids-6-size":{"fire":0.00010757318176329133,"forward":0.00008535973690450192,"rotateLeft":0.000042830341821536416,