{"winRate":0.95,"weights":{"myShip-x":{"fire":-0.0006712766845477745,"forward":-0.000621649149642326,"rotateLeft":0.000203936061123386,"rotateRight":-0.0005066002972191199},"myShip-y":{"fire":0.0002918241401202976,"forward":0.0002311022956622765,"rotateLeft":0.00042036979454569516,"rotateRight":-0.00014698510391172016},"myShip-angle":{"fire":0.00029845934018958364,"forward":-0.00005887166701722891,"rotateLeft":-0.000730645389528945,"rotateRight":-0.00006144891327712686},"myShip-vel-x":{"fire":0.0002748721440788358,"forward":-0.00022525612222962078,"rotateLeft":0.00011171991105657071,"rotateRight":0.0010297606139909477},"myShip-vel-y":{"fire":0.0002701858741464094,"forward":0.0005341676713898776,"rotateLeft":-0.0003117552660638466,"rotateRight":-0.00035538567099720235},"otherShip-x":{"fire":0.0005071019804570824,"forward":0.00034804181659128515,"rotateLeft":0.0004520309387240559,"rotateRight":-0.0004796303652459755},"otherShip-y":{"fire":-0.0005993268739664927,"forward":0.00014206860335543755,"rotateLeft":0.0009731823646230622,"rotateRight":-0.00025792152395006263},"otherShip-angle":{"fire":0.00001883668820373721,"forward":-0.00009335480607114729,"rotateLeft":-0.000007288287789560834,"rotateRight":0.0002606762936105951},"otherShip-vel-x":{"fire":0.00047138748057186597,"forward":0.00028668815176934,"rotateLeft":-0.00012715073507279156,"rotateRight":0.0005843617105623706},"otherShip-vel-y":{"fire":0.000411968048219569,"forward":-0.00038916271876078095,"rotateLeft":0.0005161589805502444,"rotateRight":-0.00010393583464901895},"myBullets-0-x":{"fire":-0.00006587135053705428,"forward":0.0007303620220394804,"rotateLeft":0.000056326032662764206,"rotateRight":-0.00014060370181687168},"myBullets-0-y":{"fire":0.00012493022091221063,"forward":0.0006530817782739178,"rotateLeft":0.000285209107841365,"rotateRight":0.0007066804712405428},"myBullets-1-x":{"fire":0.0004700610617175699,"forward":-0.0001995020736474544,"rotateLeft":-0.00037147136786952614,"rotateRight":0.00026503267630469053},"myBullets-1-y":{"fire":0.00047621583049185583,"forward":-0.00044893841457087537,"rotateLeft":-0.00021795936913695182,"rotateRight":0.000370164879085496},"myBullets-2-x":{"fire":0.00007380317235365514,"forward":0.00006635500392876564,"rotateLeft":0.0001530083019519224,"rotateRight":0.00027068260821979485},"myBullets-2-y":{"fire":-0.00008821551436558365,"forward":-0.0009390402240678666,"rotateLeft":-0.00007609772672876709,"rotateRight":0.0005766139914048834},"myBullets-3-x":{"fire":0.00021904241358861325,"forward":-0.00018787687257863583,"rotateLeft":0.00047638053777627635,"rotateRight":0.00017932280600070947},"myBullets-3-y":{"fire":-0.00021737149646505703,"forward":-0.0000273922868771478,"rotateLeft":0.00022927586284931752,"rotateRight":0.0007205656672362238},"myBullets-4-x":{"fire":-0.00023600043773185458,"forward":-0.000005986252613365657,"rotateLeft":0.00031349131108727307,"rotateRight":0.00020610889592207965},"myBullets-4-y":{"fire":0.00026582754491828384,"forward":-0.00006726860364433379,"rotateLeft":-0.0004313302779803052,"rotateRight":-0.00005434705284424123},"otherBullets-0-x":{"fire":0.00022031441435683513,"forward":-0.0001680714522488416,"rotateLeft":0.00030645439529325804,"rotateRight":-0.0002206456684973091},"otherBullets-0-y":{"fire":-0.0002590528326341882,"forward":-0.00012609188333153723,"rotateLeft":-0.000046996139059774535,"rotateRight":-0.00011325943032279615},"otherBullets-1-x":{"fire":0.00009099894256796682,"forward":-0.000370725073525682,"rotateLeft":0.0002586667220806703,"rotateRight":0.00009125239902641622},"otherBullets-1-y":{"fire":0.000017947805277071895,"forward":0.00025917168636806307,"rotateLeft":0.000033988796244375475,"rotateRight":-0.0007700985743198544},"otherBullets-2-x":{"fire":0.00037142062194179745,"forward":0.00007976463048253211,"rotateLeft":0.0005661138389259575,"rotateRight":-0.0005806000172160566},"otherBullets-2-y":{"fire":-0.0009127661264501511,"forward":-0.0013241310786223036,"rotateLeft":-0.00014627673649229112,"rotateRight":-0.0003021944212261587},"otherBullets-3-x":{"fire":-0.0002584119613282382,"forward":-0.00010071880198083823,"rotateLeft":0.0005107637289213016,"rotateRight":0.000056952637690119384},"otherBullets-3-y":{"fire":-0.00009532821495085957,"forward":0.0004132234371034429,"rotateLeft":-0.0004674466431606562,"rotateRight":-0.0000644686077022925},"otherBullets-4-x":{"fire":-0.000962697608070448,"forward":-0.00010389202737715093,"rotateLeft":-0.0005691596565069631,"rotateRight":0.0012274737929925319},"otherBullets-4-y":{"fire":-0.0002382212958531454,"forward":-0.00001259660369250923,"rotateLeft":-0.00022984004050958905,"rotateRight":-0.0002616885697934777},"asteroids-0-x":{"fire":-0.0004055361765669659,"forward":-0.0002986664380645379,"rotateLeft":0.0005696730150142684,"rotateRight":0.00011806767876259983},"asteroids-0-y":{"fire":-0.00046483894304838035,"forward":-0.00042031126040965324,"rotateLeft":0.00029702267698012287,"rotateRight":-0.0004279046833282338},"asteroids-0-size":{"fire":-0.00021500196992419658,"forward":0.00009236089983023707,"rotateLeft":-0.00020207838788628577,"rotateRight":-0.0007823825582629069},"asteroids-1-x":{"fire":-0.00021947687841020517,"forward":-0.00001486618942581118,"rotateLeft":-0.000322788654267788,"rotateRight":-0.00002023102275561536},"asteroids-1-y":{"fire":0.000018272521044127607,"forward":0.000644204472983256,"rotateLeft":0.0002007218537153676,"rotateRight":-0.00012685060875955976},"asteroids-1-size":{"fire":-0.0006775330102769656,"forward":0.0001761349738808349,"rotateLeft":0.00010779841246549051,"rotateRight":-0.000462706641689874},"asteroids-2-x":{"fire":-0.0005681061846204101,"forward":0.00013336587422527378,"rotateLeft":0.00004796074316836888,"rotateRight":-0.00022727863837499162},"asteroids-2-y":{"fire":-0.000439467739034444,"forward":-0.000006782714114524503,"rotateLeft":-2.642254112289004e-7,"rotateRight":-0.0007550137242302298},"asteroids-2-size":{"fire":-0.000044070367910899354,"forward":0.0003785222750855609,"rotateLeft":0.0005095486896811053,"rotateRight":0.000239239875273779},"asteroids-3-x":{"fire":-0.0007529211293440311,"forward":0.0007626554053742437,"rotateLeft":-0.0005062493726378307,"rotateRight":-0.0008577282850630581},"asteroids-3-y":{"fire":-0.0000021004761802032566,"forward":0.0001765497454674914,"rotateLeft":-0.000389778446382843,"rotateRight":-0.00017597292196005581},"asteroids-3-size":{"fire":-0.00006390519177075451,"forward":0.0003326593208126723,"rotateLeft":-0.00020653138060588386,"rotateRight":-0.00009062347926665088},"asteroids-4-x":{"fire":-0.0006481072716647757,"forward":0.0006283432492520661,"rotateLeft":-0.0008698858052026481,"rotateRight":0.0002673209186410532},"asteroids-4-y":{"fire":-0.00042718704978469757,"forward":0.00043479254953563204,"rotateLeft":-0.00021866931882686893,"rotateRight":0.0003106364931445568},"asteroids-4-size":{"fire":0.000528871214017272,"forward":0.0001476435172138737,"rotateLeft":-0.0004362479993607848,"rotateRight":-0.000033427002816461044},"asteroids-5-x":{"fire":-0.00015730695668607955,"forward":-0.00041054727334994824,"rotateLeft":-0.000691543084802106,"rotateRight":-0.00005053770917002115},"asteroids-5-y":{"fire":0.00010058207430411133,"forward":-0.00034946479306090613,"rotateLeft":0.0005107767949346453,"rotateRight":0.0004419662136118858},"asteroids-5-size":{"fire":-0.0005325142012909054,"forward":0.0002458580214297398,"rotateLeft":0.00008383187812287349,"rotateRight":-0.00022960352895315752},"asteroids-6-x":{"fire":-0.00012773894225247203,"forward":0.0000066183694405481135,"rotateLeft":0.00005069949727039791,"rotateRight":0.0008487700217869131},"asteroids-6-y":{"fire":0.0002251797058153898,"forward":-0.0002964702903525904,"rotateLeft":0.00030773727186024177,"rotateRight":0.0003772635186091066},"asteroids-6-size":{"fire":0.00032341466823127116,"forward":0.0000927207234315574,"rotateLeft":-0.0006923676477279514,"rotateRight":-0.000017413798440247713},"asteroids-7-x":{"fire":-0.00013842245477717363,