{"winRate":0.52,"weights":{"myShip-x":{"fire":-0.00004008703026920557,"forward":-0.000022048716805875303,"rotateLeft":0.00004941883583087474,"rotateRight":-0.000024043098394759002},"myShip-y":{"fire":0.00003906480667646975,"forward":0.00002130429269745946,"rotateLeft":-0.00003586283852346241,"rotateRight":-0.000027699136687442662},"myShip-angle":{"fire":-0.000014698464050889016,"forward":-0.000007385073998011649,"rotateLeft":-0.00003560719208326191,"rotateRight":0.000013688175426796079},"myShip-vel-x":{"fire":0.00003112727121915669,"forward":-0.000012343198340386153,"rotateLeft":0.0000315391538431868,"rotateRight":-0.000040157376672141254},"myShip-vel-y":{"fire":1.7753152642399074e-7,"forward":-0.000005927851400338114,"rotateLeft":0.000045013144542463126,"rotateRight":0.000032799966190941634},"otherShip-x":{"fire":-0.00001663507779594511,"forward":-0.00003841010839678347,"rotateLeft":-0.000015802658186294138,"rotateRight":-0.00003448565322905779},"otherShip-y":{"fire":0.00003277832642197609,"forward":0.000015080936392769218,"rotateLeft":-0.00002107135693076998,"rotateRight":0.000030439770384691655},"otherShip-angle":{"fire":-0.00004578741597943008,"forward":-0.000014007395622320474,"rotateLeft":0.000011318376427516342,"rotateRight":-0.000029340308578684927},"otherShip-vel-x":{"fire":-0.0000029950690455734732,"forward":0.000047641318943351506,"rotateLeft":-0.0000017041966784745455,"rotateRight":-0.000046957208192907275},"otherShip-vel-y":{"fire":0.000005176794761791825,"forward":0.00003487146091647446,"rotateLeft":-0.00001225589842069894,"rotateRight":-0.00004326844008173794},"myBullets-0-x":{"fire":-0.00001997708671260625,"forward":-0.00004992806748487056,"rotateLeft":0.00003399244730826468,"rotateRight":0.000005155556579120458},"myBullets-0-y":{"fire":-0.00002353018189314753,"forward":-0.000018735430110245945,"rotateLeft":-0.00003421996985562146,"rotateRight":0.00004863885601516813},"myBullets-1-x":{"fire":0.000001342069241218269,"forward":-0.000048728410899639135,"rotateLeft":-0.00000724544043187052,"rotateRight":-0.000038090758048929275},"myBullets-1-y":{"fire":2.9308528173714876e-7,"forward":-0.0000420529714319855,"rotateLeft":-0.0000011899893172085286,"rotateRight":-0.000005897923256270588},"myBullets-2-x":{"fire":-0.000011658992595039308,"forward":-0.00004565230926964432,"rotateLeft":0.00002093387602362782,"rotateRight":-0.0000279302379116416},"myBullets-2-y":{"fire":-0.00003698877929709852,"forward":-0.00004650953123345971,"rotateLeft":-0.000035117037827149036,"rotateRight":0.000004234259226359427},"myBullets-3-x":{"fire":0.000016242507286369803,"forward":-0.00003841713063884527,"rotateLeft":-0.000018166401353664698,"rotateRight":-0.000017330886982381344},"myBullets-3-y":{"fire":-0.0000321378268301487,"forward":0.00002940306067466736,"rotateLeft":0.000025958331930451096,"rotateRight":0.000012570940610021353},"myBullets-4-x":{"fire":0.00004536182349547744,"forward":0.000018469032528810204,"rotateLeft":-0.000032606515078805385,"rotateRight":0.000023727125092409553},"myBullets-4-y":{"fire":0.00003532484262250364,"forward":-0.00003995744548738003,"rotateLeft":-0.00000890895095653832,"rotateRight":-0.00002744668549858034},"otherBullets-0-x":{"fire":0.000035228862962685525,"forward":-0.00004111014942172915,"rotateLeft":0.00003986379674170166,"rotateRight":-0.00004520215678494424},"otherBullets-0-y":{"fire":0.000025749078113585712,"forward":-0.00002114337026141584,"rotateLeft":0.00003929208284243941,"rotateRight":-0.00003735459668096155},"otherBullets-1-x":{"fire":0.00004560786772053689,"forward":-0.00003668447283562273,"rotateLeft":0.00003653154126368463,"rotateRight":-0.00001577470654156059},"otherBullets-1-y":{"fire":0.0000464685371844098,"forward":0.000036823416384868326,"rotateLeft":0.000032944539678283035,"rotateRight":-0.000025856143748387696},"otherBullets-2-x":{"fire":-0.000034504061192274094,"forward":0.0000047686364268884064,"rotateLeft":0.000017069519520737233,"rotateRight":0.00001581172994337976},"otherBullets-2-y":{"fire":0.000002329512033611536,"forward":0.0000029289084486663343,"rotateLeft":0.000043009977228939535,"rotateRight":-0.00003703343321103603},"otherBullets-3-x":{"fire":0.00000891565731726587,"forward":0.000007660262566059828,"rotateLeft":0.0000453849598299712,"rotateRight":-0.0000019327676156535747},"otherBullets-3-y":{"fire":0.00003976356813218445,"forward":-0.00004422512312885374,"rotateLeft":0.00004712433726526797,"rotateRight":0.00004860998522490263},"otherBullets-4-x":{"fire":0.000031524585210718215,"forward":-0.000001984046516008675,"rotateLeft":-0.0000051343101309612395,"rotateRight":0.00002931402148678899},"otherBullets-4-y":{"fire":-0.000025515749421902003,"forward":0.00002407315445598215,"rotateLeft":0.000029340612306259573,"rotateRight":-0.000015485072927549482},"asteroids-0-x":{"fire":0.00002120512539986521,"forward":0.00002022303913254291,"rotateLeft":-0.0000024817860685288907,"rotateRight":0.0000020554517628625038},"asteroids-0-y":{"fire":0.000006881293118931354,"forward":-0.000020779747026972472,"rotateLeft":0.00003974571810103953,"rotateRight":-0.000049211814464069904},"asteroids-0-size":{"fire":-0.00004919492132030428,"forward":0.00003726622280664742,"rotateLeft":-0.00003813247608486563,"rotateRight":-0.000019209273159503936},"asteroids-1-x":{"fire":0.00002513943205121905,"forward":-0.000045936110755428675,"rotateLeft":0.0000032448992365971208,"rotateRight":-0.000012739377026446163},"asteroids-1-y":{"fire":-0.00004201083742082119,"forward":-0.0000032063057413324715,"rotateLeft":-0.00002457621095236391,"rotateRight":-0.000006559469527564943},"asteroids-1-size":{"fire":-0.000026108581526204945,"forward":0.000009649310493841769,"rotateLeft":0.000029102278011851015,"rotateRight":-0.000013399338652379812},"asteroids-2-x":{"fire":0.000020012623979710042,"forward":0.00003312886296771467,"rotateLeft":-0.000014954382879659534,"rotateRight":-0.000004959710920229554},"asteroids-2-y":{"fire":0.00000428382873069495,"forward":0.000028416103846393528,"rotateLeft":0.000017120317206718027,"rotateRight":-0.00002262185353320092},"asteroids-2-size":{"fire":0.000011888497043401004,"forward":-0.000022233848390169442,"rotateLeft":-0.000002890569274313748,"rotateRight":0.000010773947928100825},"asteroids-3-x":{"fire":0.00002912999426480383,"forward":-0.000032113685179501775,"rotateLeft":0.000046651691594161095,"rotateRight":0.000008447424229234458},"asteroids-3-y":{"fire":-0.000035871505620889364,"forward":-0.000019487682776525617,"rotateLeft":-0.000025501419487409295,"rotateRight":-0.000024651815602555872},"asteroids-3-size":{"fire":0.000014015790028497578,"forward":0.000028898980817757548,"rotateLeft":0.0000027863352093845606,"rotateRight":0.000022502024355344475},"asteroids-4-x":{"fire":0.00004866836669389159,"forward":-0.00002975399952847511,"rotateLeft":-0.000020821196772158147,"rotateRight":0.00002093963015358895},"asteroids-4-y":{"fire":-0.00003280261487234384,"forward":-0.00003755769254639745,"rotateLeft":0.000024121145880781117,"rotateRight":0.00003457127730362117},"asteroids-4-size":{"fire":-0.00003465723402332515,"forward":0.0000333756617968902,"rotateLeft":-0.000020221907855011523,"rotateRight":-0.000047916334052570165},"asteroids-5-x":{"fire":0.000017763953539542853,"forward":-0.00004724389710463584,"rotateLeft":0.000019921621517278254,"rotateRight":-0.000023780218767933547},"asteroids-5-y":{"fire":0.000012673449376598001,"forward":0.00004384726642165333,"rotateLeft":-0.00002689196134451777,"rotateRight":-8.686830522492529e-7},"asteroids-5-size":{"fire":-0.000002134532341733575,"forward":-0.000025727823330089452,"rotateLeft":0.00003268528354819864,"rotateRight":-0.000048450472950935365},"asteroids-6-x":{"fire":0.000024881756328977645,"forward":6.083150627091527e-7,"rotateLeft":0.000012305392022244632,"rotateRight":-0.00003415716411545873},"asteroids-6-y":{"fire":0.000014416362927295268,"forward":0.00001748811115976423,"rotateLeft":-0.000013841151352971794,"rotateRight":-0.000038824272179044785},