{"winRate":0.17,"weights":{"myShip-x":{"fire":-0.00001679939909372479,"forward":-0.00002041056074667722,"rotateLeft":-0.00001234652700368315,"rotateRight":-0.000031628189561888575},"myShip-y":{"fire":0.00003653437732718885,"forward":-0.000002835948718711734,"rotateLeft":-0.000010898862127214672,"rotateRight":0.000040629614680074154},"myShip-angle":{"fire":-0.000044382817065343264,"forward":0.00004062653593719006,"rotateLeft":0.00001839974573813379,"rotateRight":0.00000439350176602602},"myShip-vel-x":{"fire":0.000014580408204346895,"forward":-0.000016226304252631963,"rotateLeft":-0.000019807826122269035,"rotateRight":0.0000013506160583347083},"myShip-vel-y":{"fire":-5.201600724831224e-7,"forward":-0.0000022215342847630383,"rotateLeft":-0.000049779646331444385,"rotateRight":0.00004353442795109004},"otherShip-x":{"fire":-0.00001836768640205264,"forward":-0.0000028335924958810213,"rotateLeft":-0.000012269848957657815,"rotateRight":-0.00004199197590351105},"otherShip-y":{"fire":-0.0000336290149949491,"forward":0.000004760631150566042,"rotateLeft":-0.00004997937618754804,"rotateRight":-0.0000419661738909781},"otherShip-angle":{"fire":0.000022882248484529555,"forward":0.00004860638161189854,"rotateLeft":0.000010823293821886182,"rotateRight":-0.000022450441517867148},"otherShip-vel-x":{"fire":-0.00001825186877977103,"forward":0.00004662237411830575,"rotateLeft":-0.00003139163963496685,"rotateRight":-0.000001926442258991301},"otherShip-vel-y":{"fire":-0.000018911895202472808,"forward":-0.000013757419725880027,"rotateLeft":-0.00000847218360286206,"rotateRight":-0.00001548365263734013},"myBullets-0-x":{"fire":-0.00002660184612032026,"forward":-0.00001975951676722616,"rotateLeft":0.000027958192396909,"rotateRight":0.0000014672670513391496},"myBullets-0-y":{"fire":-0.000002996282605454326,"forward":0.000007438613986596465,"rotateLeft":-0.000028762705228291455,"rotateRight":0.00004940769558306784},"myBullets-1-x":{"fire":-0.000007146628363989294,"forward":0.000004038984514772892,"rotateLeft":-0.000010052627371624113,"rotateRight":0.000031210272177122536},"myBullets-1-y":{"fire":-0.00004119656651746482,"forward":0.00002156924866139889,"rotateLeft":-0.0000136777798878029,"rotateRight":0.000029371577384881677},"myBullets-2-x":{"fire":0.0000013424274511635305,"forward":-0.000009867769689299167,"rotateLeft":0.00000422436457592994,"rotateRight":0.00001175338770262897},"myBullets-2-y":{"fire":0.000038577303756028414,"forward":-0.000025935632502660156,"rotateLeft":-0.00004099644762463868,"rotateRight":0.000007020551525056363},"myBullets-3-x":{"fire":-0.00001639842463191599,"forward":-0.000016859656246379018,"rotateLeft":-0.00002992503943387419,"rotateRight":-0.000010715112974867225},"myBullets-3-y":{"fire":0.000034723103116266434,"forward":-3.665053518489003e-7,"rotateLeft":0.0000022913757944479587,"rotateRight":0.000015302279707975687},"myBullets-4-x":{"fire":-0.000007534384285099805,"forward":0.00004725384947378189,"rotateLeft":-0.00002236135171260685,"rotateRight":-0.000011824751365929843},"myBullets-4-y":{"fire":0.00004542504488490522,"forward":-0.000019685865612700583,"rotateLeft":3.396544605493546e-7,"rotateRight":0.0000065203414531424646},"otherBullets-0-x":{"fire":0.00004273794866167009,"forward":-0.00003394995394628495,"rotateLeft":-0.00004782870300114155,"rotateRight":0.000033522123633883894},"otherBullets-0-y":{"fire":0.00003190787984058261,"forward":-0.00002862034731078893,"rotateLeft":0.000028378232894465328,"rotateRight":-0.000040317538799718024},"otherBullets-1-x":{"fire":0.0000019419584423303607,"forward":0.000012126952689141035,"rotateLeft":-0.000044814535998739304,"rotateRight":0.000007110423082485796},"otherBullets-1-y":{"fire":0.000020624668151140214,"forward":0.000017272555176168682,"rotateLeft":0.00004949924070388079,"rotateRight":0.00001348291039466858},"otherBullets-2-x":{"fire":-0.0000022939463844522833,"forward":0.000029712721379473808,"rotateLeft":0.000022286235517822207,"rotateRight":0.00003173010929021984},"otherBullets-2-y":{"fire":-0.00003822711000684649,"forward":-0.00002613475718535483,"rotateLeft":0.00004317011751700193,"rotateRight":0.00004524848912842572},"otherBullets-3-x":{"fire":-0.00004326594423037022,"forward":0.00002393853075336665,"rotateLeft":-0.000005938614206388593,"rotateRight":0.000028580494481138887},"otherBullets-3-y":{"fire":0.000011625623353756965,"forward":-0.000020075917779468,"rotateLeft":-0.0000469736926490441,"rotateRight":-0.000027564133773557843},"otherBullets-4-x":{"fire":0.00001949699551332742,"forward":-0.0000323307732352987,"rotateLeft":0.00000557851220946759,"rotateRight":0.000009280593623407186},"otherBullets-4-y":{"fire":0.000018281512637622656,"forward":-0.00001643334866967052,"rotateLeft":0.000017102242331020535,"rotateRight":-0.000048804036923684185},"asteroids-0-x":{"fire":0.000010000941948965192,"forward":-0.000029425436863675715,"rotateLeft":-0.000015978669980540873,"rotateRight":0.000033664192259311676},"asteroids-0-y":{"fire":0.00004081778500694782,"forward":0.00004636799884028733,"rotateLeft":0.0000053955695126205685,"rotateRight":-0.000028601834923028947},"asteroids-0-size":{"fire":0.0000113404841395095,"forward":0.000043005681456997994,"rotateLeft":-0.00003924800229724497,"rotateRight":-0.0000414593996712938},"asteroids-1-x":{"fire":0.000010708315926603973,"forward":0.0000030822515254840255,"rotateLeft":0.000005701824394054711,"rotateRight":-0.00003630968111101538},"asteroids-1-y":{"fire":0.00001476598340086639,"forward":-0.00002592717146035284,"rotateLeft":-0.000029135742248035968,"rotateRight":0.000036799837392754853},"asteroids-1-size":{"fire":-0.00002969703448470682,"forward":0.000021459270780906082,"rotateLeft":0.0000029119632206857204,"rotateRight":0.0000067825968842953445},"asteroids-2-x":{"fire":0.000025279134511947634,"forward":0.000033460910711437464,"rotateLeft":0.00004637655976694077,"rotateRight":0.00002184204263612628},"asteroids-2-y":{"fire":0.000022603905596770347,"forward":-0.000005780630744993687,"rotateLeft":-0.00003476142112631351,"rotateRight":-0.00001810985179618001},"asteroids-2-size":{"fire":-0.000019516917178407313,"forward":0.000033334877295419575,"rotateLeft":-0.00003155503671150655,"rotateRight":0.000010950372274965048},"asteroids-3-x":{"fire":0.000011258054641075433,"forward":0.000027470124559476973,"rotateLeft":0.00003895780749153346,"rotateRight":-0.00004398541888222098},"asteroids-3-y":{"fire":0.000024432034068740907,"forward":-0.000037388827139511704,"rotateLeft":-0.0000068029059795662766,"rotateRight":-0.00004903634942602366},"asteroids-3-size":{"fire":-0.000027816510014235975,"forward":-0.000016525692492723465,"rotateLeft":-0.00003384155619423837,"rotateRight":0.000012882752646692098},"asteroids-4-x":{"fire":0.000023663557367399335,"forward":-0.0000021385839208960536,"rotateLeft":0.000020791452610865238,"rotateRight":-0.000008859656634740531},"asteroids-4-y":{"fire":0.00001899316308554262,"forward":-0.00003527230210602284,"rotateLeft":0.000020316489250399173,"rotateRight":0.000024421091540716588},"asteroids-4-size":{"fire":0.00004353862314019353,"forward":0.000016265013162046673,"rotateLeft":-0.00003710462341550738,"rotateRight":-0.00003233826293144375},"asteroids-5-x":{"fire":0.000043412789050489664,"forward":-0.00003712176762055606,"rotateLeft":-0.000029063464794307947,"rotateRight":-7.956651970744134e-8},"asteroids-5-y":{"fire":0.00001942878856789321,"forward":-0.00002119749155826867,"rotateLeft":-0.000024409916903823615,"rotateRight":0.000030015438585542145},"asteroids-5-size":{"fire":-0.00004922872288152576,"forward":0.000004120429721660912,"rotateLeft":0.00003265973005909473,"rotateRight":0.00002313726944848895},"asteroids-6-x":{"fire":-0.0000160510866669938,"forward":-0.00004821257800795138,"rotateLeft":0.0000027738839853554964,"rotateRight":0.000029149745614267886},"asteroids-6-y":{"fire":-0.000006726179458200932,"forward":0.000021808703267015517,"rotateLeft":0.00003620663885958493,"rotateRight":-0.000031445155758410694},