{"winRate":0.15,"weights":{"myShip-x":{"fire":-0.000016675201617181303,"forward":0.000035405719024129215,"rotateLeft":-0.000008306335657835007,"rotateRight":-0.000011393044725991786},"myShip-y":{"fire":-0.000025084893149323762,"forward":-0.00003838371362071484,"rotateLeft":-0.0000023327492875978353,"rotateRight":-0.0000375716682523489},"myShip-angle":{"fire":-0.00001832515713758767,"forward":0.00003434477655682713,"rotateLeft":0.000033885424002073704,"rotateRight":0.00003506161964032799},"myShip-vel-x":{"fire":0.000025281587219797077,"forward":0.000020432353322394193,"rotateLeft":0.00002551071383059025,"rotateRight":-0.000031583518628031016},"myShip-vel-y":{"fire":-8.118436671793462e-8,"forward":0.000011750003532506526,"rotateLeft":-0.00004868281406816095,"rotateRight":0.000046074045798741284},"otherShip-x":{"fire":0.00003640090725384653,"forward":-0.00002784911100752652,"rotateLeft":0.000010241427761502564,"rotateRight":-0.00000878435093909502},"otherShip-y":{"fire":0.000045023238286376,"forward":-0.000007668803236447275,"rotateLeft":-0.000025991253019310536,"rotateRight":0.00004931399754714221},"otherShip-angle":{"fire":-0.00002811120755504817,"forward":-0.00004010652464348823,"rotateLeft":0.00004790532314218581,"rotateRight":-0.000002342288545332849},"otherShip-vel-x":{"fire":0.000005250232736580074,"forward":0.00002990234682802111,"rotateLeft":-0.0000460774393985048,"rotateRight":-0.000025754138082265854},"otherShip-vel-y":{"fire":0.000039459498366340996,"forward":-0.000036728356359526514,"rotateLeft":-0.00003891704515554011,"rotateRight":-0.00003412071929778904},"myBullets-0-x":{"fire":-0.00004462845588568598,"forward":0.000002834335854277015,"rotateLeft":0.000043031173432245855,"rotateRight":-0.000046705761738121515},"myBullets-0-y":{"fire":-0.00003752018448431045,"forward":-0.0000339045288041234,"rotateLeft":0.000022025989764370025,"rotateRight":0.000029747645580209792},"myBullets-1-x":{"fire":0.000005215778504498304,"forward":-0.000002442581509239972,"rotateLeft":0.00003917111898772419,"rotateRight":0.000009383260109461845},"myBullets-1-y":{"fire":-0.000011201921268366278,"forward":0.00003726541115902365,"rotateLeft":-0.000004216293501667679,"rotateRight":0.000011506815464235843},"myBullets-2-x":{"fire":-0.000004044783744029701,"forward":-0.00002861076220870018,"rotateLeft":-0.000044643246359191835,"rotateRight":-0.00003262611909303814},"myBullets-2-y":{"fire":-0.00003542836119886488,"forward":0.000020098742190748455,"rotateLeft":0.000009310690476559103,"rotateRight":-0.00002001856474671513},"myBullets-3-x":{"fire":-0.000022944801254197956,"forward":-0.000011946544563397767,"rotateLeft":-0.000013206394738517703,"rotateRight":-0.0000061371878953650595},"myBullets-3-y":{"fire":-0.0000483085212064907,"forward":-0.000027734023332595827,"rotateLeft":-0.000010671454202383758,"rotateRight":-0.00000486692909616977},"myBullets-4-x":{"fire":-0.000035518678813241424,"forward":0.000024598440574482086,"rotateLeft":-0.00001676237853243947,"rotateRight":0.00001717963549308479},"myBullets-4-y":{"fire":-0.000033869326813146475,"forward":-5.140563938766718e-7,"rotateLeft":-0.000044747635372914374,"rotateRight":0.000007089866674505174},"otherBullets-0-x":{"fire":0.000016351387137547138,"forward":0.000004763719043694437,"rotateLeft":-0.000017546158214099707,"rotateRight":0.00004981087788473815},"otherBullets-0-y":{"fire":-0.000008219104167073966,"forward":-0.000027459776494652034,"rotateLeft":-0.000022486754111014307,"rotateRight":-0.000005073789600282908},"otherBullets-1-x":{"fire":0.00004585933927446604,"forward":-0.00003405742624308914,"rotateLeft":-0.000005698095099069179,"rotateRight":0.000017828068137168884},"otherBullets-1-y":{"fire":0.00003558202960994095,"forward":0.000019316017790697517,"rotateLeft":0.000025448194099590185,"rotateRight":0.000031895791878923774},"otherBullets-2-x":{"fire":0.000022743442258797586,"forward":0.000004026807472109795,"rotateLeft":0.0000334009071579203,"rotateRight":-0.00001908255086746067},"otherBullets-2-y":{"fire":-0.00003370506882201881,"forward":0.000017027997225522995,"rotateLeft":0.00003134587784297764,"rotateRight":-0.00003120589752215892},"otherBullets-3-x":{"fire":-0.0000487696347059682,"forward":0.000044797634566202764,"rotateLeft":-0.00003147395283449441,"rotateRight":-0.000031406872835941616},"otherBullets-3-y":{"fire":0.000011414488730952145,"forward":-0.00001942359257955104,"rotateLeft":-0.00004125804877839983,"rotateRight":-0.000024197482736781242},"otherBullets-4-x":{"fire":0.000020986843225546183,"forward":-0.000018182365526445212,"rotateLeft":-0.00004232702513691038,"rotateRight":0.0000305921524297446},"otherBullets-4-y":{"fire":0.000027142831450328233,"forward":0.00004963770667091012,"rotateLeft":-0.000016173363523557782,"rotateRight":-0.000006266760849393905},"asteroids-0-x":{"fire":0.00003662387058138848,"forward":0.000014442200236953796,"rotateLeft":0.000004256622912362218,"rotateRight":0.000048297485639341175},"asteroids-0-y":{"fire":-0.000024198379181325435,"forward":0.000004131559072993696,"rotateLeft":-3.9788428694009784e-8,"rotateRight":-0.000018496065819635987},"asteroids-0-size":{"fire":-0.00001528200334869325,"forward":-0.000048921490553766494,"rotateLeft":0.00004464790094643831,"rotateRight":-0.000012781303026713431},"asteroids-1-x":{"fire":-0.000018143386114388704,"forward":-0.00001983007206581533,"rotateLeft":0.000003494661627337337,"rotateRight":0.0000393740862607956},"asteroids-1-y":{"fire":-0.0000015164771350100638,"forward":-0.000036084081628359856,"rotateLeft":0.00002299321952741593,"rotateRight":0.00003686812028754503},"asteroids-1-size":{"fire":-0.0000092499069403857,"forward":0.00004135049195028842,"rotateLeft":-0.000020701936655677855,"rotateRight":-0.000042581389751285314},"asteroids-2-x":{"fire":0.00002474022002425045,"forward":-0.000025670910230837765,"rotateLeft":-0.00003514350692275912,"rotateRight":-0.000029107117536477747},"asteroids-2-y":{"fire":-0.0000011480529326945543,"forward":0.00003660041792318225,"rotateLeft":0.00002095480754505843,"rotateRight":0.000041123510687611996},"asteroids-2-size":{"fire":-0.000029487618291750552,"forward":-0.000020188395469449462,"rotateLeft":-0.00004506138355936855,"rotateRight":-0.00002822943439241499},"asteroids-3-x":{"fire":0.000042400517337955536,"forward":0.00003617414503823966,"rotateLeft":0.00002362079832237214,"rotateRight":-0.0000042323458706960085},"asteroids-3-y":{"fire":0.000045231227017939096,"forward":0.000020452778693288564,"rotateLeft":-0.000015833075903356075,"rotateRight":-0.00003148106730077416},"asteroids-3-size":{"fire":-0.00003652379312552512,"forward":-0.0000015519079286605121,"rotateLeft":0.000008433754974976183,"rotateRight":-2.492241561412811e-7},"asteroids-4-x":{"fire":0.000027965791593305767,"forward":-0.000009445041953586042,"rotateLeft":0.00000718478464987129,"rotateRight":0.00003854990329127759},"asteroids-4-y":{"fire":-0.000008179030357860029,"forward":-0.000005655870446935296,"rotateLeft":0.000036040292424149816,"rotateRight":-0.000008576652477495374},"asteroids-4-size":{"fire":-0.000004568242863751948,"forward":-0.000004837462445721031,"rotateLeft":-0.0000040541832102462655,"rotateRight":-0.000009846514067612589},"asteroids-5-x":{"fire":0.00002792782403994352,"forward":0.00001172850071452558,"rotateLeft":-0.00004516731682233513,"rotateRight":-0.000012921438459306957},"asteroids-5-y":{"fire":-0.000045632927399128676,"forward":0.0000457838686183095,"rotateLeft":0.0000302194032818079,"rotateRight":-0.000028267520340159536},"asteroids-5-size":{"fire":0.0000035914627835154535,"forward":-0.00002971373526379466,"rotateLeft":-0.000043299587280489505,"rotateRight":-0.0000034086155239492655},"asteroids-6-x":{"fire":-0.000019348921766504645,"forward":0.000048731392621994024,"rotateLeft":0.000029638063022866846,"rotateRight":-0.00003669482620898634},"asteroids-6-y":{"fire":0.000022958434373140338,"forward":0.000037225611438043416,"rotateLeft":0.000029165314626879992,"rotateRight":-0.000039205859974026684},